ULIKey,FirstSeen,Address,Village,Price,VLSNumber,DaysOnMarket
S603.97,2026-02-21,1702 ROSALES RD,The Village Alhambra,289900,247536,223
S601.24,2026-02-21,1627 CAMPOS DR,The Village Alhambra,274900,249190,223
S601.38,2026-02-21,1613 NAVIDAD ST,The Village Alhambra,315000,248904,223
S601.126,2026-02-21,1619 CAMPOS DR,The Village Alhambra,259900,248911,223
S24.3,2026-02-21,2645 PRIVADA DR,The Village Alhambra,259900,247244,223
S31.114,2026-02-21,2724 BENAVIDES DR,The Village Alhambra,349700,248721,223
S31.158,2026-02-21,1708 BETRILLO CT,The Village Alhambra,329900,247224,223
L7.1108,2026-02-21,1534 W SCHWARTZ BLVD,The Village of Country Club Hills,259850,249250,223
L7.1145,2026-02-21,1617 LAUREN LN,The Village of Country Club Hills,274555,248783,223
L7.1382,2026-02-21,1667 W SCHWARTZ BLVD,The Village of Country Club Hills,125000,249063,223
L7.1383,2026-02-21,1669 W SCHWARTZ BLVD,The Village of Country Club Hills,184000,248533,223
L7.1389,2026-02-21,1705 W SCHWARTZ BLVD,The Village of Country Club Hills,209000,248163,223
L7.1407,2026-02-21,1743 W SCHWARTZ BLVD,The Village of Country Club Hills,115900,245658,223
L8.1493,2026-02-21,1630 MAGNOLIA AVE,The Village of Country Club Hills,214900,249246,223
L8.1862,2026-02-21,917 ROSE LN,The Village of Country Club Hills,144900,249358,223
L8.1967,2026-02-21,1835 HOLLY LN,The Village of Country Club Hills,199900,247829,223
L8.1968,2026-02-21,1833 HOLLY LN,The Village of Country Club Hills,168500,248998,223
L9.2578,2026-02-21,1732 MYRTLE BEACH DR,The Village of Country Club Hills,179900,248506,223
L9.2667,2026-02-21,1609 DORAL CIR,The Village of Country Club Hills,219900,249146,223
L10.2266,2026-02-21,1701 PALM AIRE DR,The Village of Country Club Hills,237000,249243,223
L10.2306,2026-02-21,1612 BAY MEADOWS LN,The Village of Country Club Hills,259900,248239,223
L10.2343,2026-02-21,1507 HILLCREST DR,The Village of Country Club Hills,259000,249333,223
L10.2361,2026-02-21,1534 HILLCREST DR,The Village of Country Club Hills,275000,248387,223
L10.2415,2026-02-21,715 SAINT ANDREWS BLVD,The Village of Country Club Hills,209000,248640,223
L11.2819,2026-02-21,1601 PINEHURST DR,The Village of Country Club Hills,249900,249239,223
L13.3317,2026-02-21,1411 W SCHWARTZ BLVD,The Village of Country Club Hills,239000,248527,223
L13.3400,2026-02-21,1124 PARADISE DR,The Village of Country Club Hills,234900,248015,223
L13.3435,2026-02-21,1131 PARADISE DR,The Village of Country Club Hills,229000,248116,223
S14.35,2026-02-21,617 SAN MARINO DR,The Village de La Vista,445000,248521,223
S692.19,2026-02-21,605 ENCONTO ST,The Village de La Vista,274700,249122,223
S695.94,2026-02-21,1718 SONORA ST,The Village de La Vista,238000,249308,223
L14.4704,2026-02-21,1142 DEL TORO DR,The Village Del Mar,359000,249191,223
L14.4715,2026-02-21,1214 DEL TORO DR,The Village Del Mar,299000,249216,223
L14.4828,2026-02-21,1214 GRANADA CT,The Village Del Mar,219900,249281,223
L14.4833,2026-02-21,1224 GRANADA CT,The Village Del Mar,215000,246785,223
L15.4986,2026-02-21,711 BOLIVAR ST,The Village Del Mar,215000,249204,223
L15.5066,2026-02-21,1214 MARIA CT,The Village Del Mar,288900,248745,223
L15.5115,2026-02-21,622 PRADO DR,The Village Del Mar,269900,249315,223
L15.5126,2026-02-21,1223 SANTOS PL,The Village Del Mar,279900,249240,223
L82.98,2026-02-21,1214 FERNANDO LN,The Village Del Mar,419000,248599,223
S640.23,2026-02-21,3182 WILLOW BROOK LN,The Village of Glenbrook,519900,248290,223
S33.146,2026-02-21,3161 BURBANK LN,The Village of Glenbrook,799000,248190,223
S33.218,2026-02-21,3057 HILLSIDE LN,The Village of Glenbrook,349500,247745,223
S37.107,2026-02-21,1252 NILES CT,The Village of Glenbrook,465000,248442,223
S38.55,2026-02-21,3270 MUNDELEIN PL,The Village of Glenbrook,400000,249298,223
S39.12,2026-02-21,3472 WORTH CIR,The Village of Glenbrook,889000,249301,223
S39.226,2026-02-21,3400 CARBONDALE CT,The Village of Glenbrook,359900,248703,223
S8.25,2026-02-21,1108 SAN ANTONIO LN,The Village Hacienda,379900,249343,223
S844.14,2026-02-21,1227 CADIZ TER,The Village Hacienda,624900,248973,223
L22.5993,2026-02-21,522 LOMA PASEO DR,The Village La Reynalda,579000,249297,223
L22.6001,2026-02-21,538 LOMA PASEO DR,The Village La Reynalda,729000,248597,223
L23.6152,2026-02-21,108 COSTA MESA DR,The Village La Zamora,439900,247740,223
S634.68,2026-02-21,1660 BELLE GROVE DR,The Village of Belle Aire,299000,246751,223
S611.73,2026-02-21,3111 CARROLLTON CT,The Village of Belle Aire,285000,246915,223
S41.93,2026-02-21,3436 RICHMOND DR,The Village of Belle Aire,309500,248147,223
S41.104,2026-02-21,3366 RESTON DR,The Village of Belle Aire,399000,248523,223
S612.81,2026-02-21,3565 ROANOKE ST,The Village of Belle Aire,279000,247737,223
L17.5432,2026-02-21,1117 SAN REMO LN,The Village Mira Mesa,299000,247843,223
L17.5650,2026-02-21,508 DEL MAR DR,The Village Mira Mesa,279711,248561,223
L19.5890,2026-02-21,206 DESOTA CT,The Village Mira Mesa,342000,247771,223
L21.5944,2026-02-21,513 CHULA VISTA AVE,The Village Mira Mesa,329000,248669,223
L1.48,2026-02-21,1027 ALOHA WAY,The Village of Orange Blossom Gardens,269900,248339,223
L1.91,2026-02-21,1305 TEAKWOOD LN,The Village of Orange Blossom Gardens,164500,248243,223
L100.26,2026-02-21,1144 AVENIDA DE LAS CASAS,The Village of Spanish Springs,350000,247787,223
L103.12,2026-02-21,1052 AVENIDA SONOMA,The Village of Spanish Springs,539000,248159,223
S13.207,2026-02-21,2025 SALINAS AVE,The Village Palo Alto,374900,248287,223
S21.26,2026-02-21,2109 GERARDO AVE,The Village Palo Alto,445000,246805,223
S696.46,2026-02-21,1006 MI TIERRA WAY,The Village Palo Alto,449000,249015,223
S34.127,2026-02-21,3000 SANDY LN,The Village of Polo Ridge,439900,247931,223
S34.158,2026-02-21,3008 BRIDGEFIELD CT,The Village of Polo Ridge,455000,248951,223
S35.78,2026-02-21,3243 MANSFIELD ST,The Village of Polo Ridge,299711,249278,223
S35.130,2026-02-21,3224 ROSWELL RD,The Village of Polo Ridge,329000,248718,223
S36.161,2026-02-21,3147 MANSFIELD ST,The Village of Polo Ridge,459900,248701,223
S43.19,2026-02-21,660 ELLSWORTH WAY,The Village of Polo Ridge,325000,246728,223
S1.108,2026-02-21,612 SAN MARIA ST,The Village Rio Grande,420000,248483,223
S2.121,2026-02-21,1410 NAVARRO CT,The Village Rio Grande,325000,247783,223
S2.233,2026-02-21,817 RAMOS DR,The Village Rio Grande,319000,246993,223
S3.33,2026-02-21,917 RAMOS DR,The Village Rio Grande,725000,249316,223
S685.14,2026-02-21,1305 SANTA MARIA AVE,The Village Rio Grande,449500,249322,223
S686.32,2026-02-21,612 DELGADO AVE,The Village Rio Grande,299000,249227,223
S687.101,2026-02-21,231 MONTOYA DR,The Village Rio Ponderosa,249900,249304,223
S4.55,2026-02-21,228 JUAREZ WAY,The Village Rio Ponderosa,279900,248760,223
S4.338,2026-02-21,249 JUAREZ WAY,The Village Rio Ponderosa,239000,248448,223
S694.13,2026-02-21,880 TREVINO TER,The Village Rio Ranchero,335000,246304,223
S10.105,2026-02-21,906 CAMINO DEL REY DR,The Village Rio Ranchero,550000,247374,223
S27.121,2026-02-21,1302 TRINIDAD CT,The Village Santiago,550000,248004,223
S27.162,2026-02-21,2469 MERIDA CIR,The Village Santiago,349900,246606,223
S28.124,2026-02-21,1219 CARVELLO DR,The Village Santiago,324900,248584,223
S29.69,2026-02-21,1402 FIGUEROA ST,The Village Santiago,385000,248108,223
S30.34,2026-02-21,2567 CARIBE DR,The Village Santiago,359775,249288,223
S30.202,2026-02-21,2712 CASTILLO DR,The Village Santiago,375000,245198,223
S30.250,2026-02-21,2556 CARIBE DR,The Village Santiago,385000,248225,223
S606.30,2026-02-21,1105 SAN BERNARDO RD,The Village Santiago,309000,246501,223
S606.66,2026-02-21,1221 SANTA CRUZ DR,The Village Santiago,295000,249157,223
S605.79,2026-02-21,2801 SALAMANCA ST,The Village Santiago,269000,248286,223
S604.1,2026-02-21,1450 ALMANZA DR,The Village Santo Domingo,279000,247779,223
S600.70,2026-02-21,2144 ESCOBAR AVE,The Village Santo Domingo,274900,249344,223
S600.93,2026-02-21,1403 EMILIO CT,The Village Santo Domingo,259000,248770,223
S600.119,2026-02-21,2117 ESTEVEZ DR,The Village Santo Domingo,239000,248983,223
S22.220,2026-02-21,1909 LA QUINTA PL,The Village Santo Domingo,349000,249254,223
S25.67,2026-02-21,1728 ENRIQUE DR,The Village Santo Domingo,699000,248876,223
L3.273,2026-02-21,812 WEEPING WILLOW AVE,The Village of Silver Lake,124621,249108,223
L3.288,2026-02-21,822 BEECHWOOD AVE,The Village of Silver Lake,317500,248374,223
L4.573,2026-02-21,1007 KARNEY DR,The Village of Silver Lake,165000,248667,223
L5.690,2026-02-21,1110 DUSTIN DR,The Village of Silver Lake,189800,249287,223
L5.719,2026-02-21,1105 DUSTIN DR,The Village of Silver Lake,199900,248264,223
L6.844,2026-02-21,608 TARRSON BLVD,The Village of Silver Lake,284900,248979,223
L6.846,2026-02-21,604 TARRSON BLVD,The Village of Silver Lake,164000,248678,223
L10.2068,2026-02-21,719 TURNBERRY LN,The Village of Silver Lake,499900,248938,223
L12.3248,2026-02-21,527 BONITA DR,The Village of Silver Lake,315000,248886,223
L24.6306,2026-02-21,814 SANTA RITA WAY,The Village Valle Verde,429000,248395,223
M53.26,2026-02-21,8856 SE 177TH GRASSMERE ST,The Village of Springdale,544800,248626,223
M46.44,2026-02-21,17609 SE 90TH CLEMSON CIR,The Village of Springdale,399500,248942,223
M47.101,2026-02-21,9242 SE 179TH OSAGE PL,The Village of Springdale,325000,247966,223
M48.53,2026-02-21,9430 SE 176TH SAFFOLD ST,The Village of Springdale,365900,248438,223
M213.59,2026-02-21,17429 SE 93RD VINE AVE,The Village of Springdale,244900,248604,223
M213.61,2026-02-21,17449 SE 93RD VINE AVE,The Village of Springdale,269000,247248,223
M214.86,2026-02-21,17876 SE 91ST FREEDOM CT,The Village of Springdale,250900,248118,223
M214.98,2026-02-21,17831 SE 91ST GAYLARK AVE,The Village of Springdale,309000,248815,223
M49.87,2026-02-21,9192 SE 171ST DRAYTON PL,The Village of Woodbury,319000,249368,223
M50.38,2026-02-21,9345 SE 171ST LE FLORE LN,The Village of Woodbury,335000,248059,223
M52.40,2026-02-21,9565 SE 171ST ARGYLL ST,The Village of Woodbury,349999,249382,223
M52.53,2026-02-21,17088 SE 96TH CHAPELWOOD CIR,The Village of Woodbury,299999,247871,223
M232.68,2026-02-21,16806 SE 91ST PHILLIPS CT,The Village of Woodbury,529900,248541,223
M232.138,2026-02-21,16755 SE 91ST CRENSHAW TER,The Village of Woodbury,515000,249195,223
M44.46,2026-02-21,17869 SE 86TH AUBURN AVE,The Village of Piedmont,349500,247983,223
M45.128,2026-02-21,17953 SE 83RD RAWCLIFFE CT,The Village of Piedmont,262500,245758,223
M216.73,2026-02-21,8453 SE 177TH PENMAN PL,The Village of Piedmont,284900,248896,223
M217.42,2026-02-21,17448 SE 82ND ROSLYN CT,The Village of Piedmont,269800,249336,223
M62.193,2026-02-21,17325 SE 73RD PARK GLEN CT,The Village of Chatham,437000,246644,223
M57.20,2026-02-21,16846 SE 80TH BELLAVISTA CIR,The Village of Calumet Grove,549900,248740,223
M65.212,2026-02-21,16684 SE 78TH LIVE OAK AVE,The Village of Calumet Grove,319000,248388,223
M226.30,2026-02-21,8201 SE 169TH PALOWNIA LOOP,The Village of Calumet Grove,250000,247726,223
M226.64,2026-02-21,16979 SE 81ST CHARLESFORT AVE,The Village of Calumet Grove,249900,249241,223
M227.33,2026-02-21,17145 SE 76TH BOXBURY CT,The Village of Calumet Grove,289900,247826,223
M54.155,2026-02-21,16837 SE 86TH ALBANY AVE,The Village of Briar Meadow,414900,248402,223
M229.21,2026-02-21,8772 SE 166TH BIRCHBROOK LOOP,The Village of Briar Meadow,399000,248993,223
M218.19,2026-02-21,17487 SE 84TH FOXGROVE AVE,The Village of Briar Meadow,634500,249300,223
S68.26,2026-02-21,1088 BLYTHE WAY,The Village of Summerhill,335000,248915,223
S68.77,2026-02-21,3507 AUBURNDALE AVE,The Village of Summerhill,289000,249084,223
S69.50,2026-02-21,3636 IDLEWOOD LOOP,The Village of Summerhill,315000,249295,223
S69.185,2026-02-21,881 HENDERSON LN,The Village of Summerhill,299000,247297,223
S633.22,2026-02-21,3544 AMELIA AVE,The Village of Summerhill,264900,249053,223
S74.59,2026-02-21,2184 WILLOW GROVE WAY,The Village of Bonnybrook,1075000,247295,223
S81.68,2026-02-21,2361 CALLAWAY DR,The Village of Bonnybrook,389000,248553,223
S238.68,2026-02-21,437 ALDRICH AVE,The Village of Bonnybrook,277000,249376,223
S641.31,2026-02-21,2027 AVERY PL,The Village of Bonnybrook,387400,248723,223
S76.45,2026-02-21,651 HARTFORD LN,The Village of Belvedere,399900,248234,223
S79.65,2026-02-21,537 BALMORAL LN,The Village of Belvedere,695000,248801,223
S79.90,2026-02-21,546 FOXFIELD PATH,The Village of Belvedere,585000,248520,223
S645.32,2026-02-21,2837 REMINGTON RD,The Village of Belvedere,315555,248603,223
S72.8,2026-02-21,1832 HARTFORD PATH,The Village of Bridgeport at Lake Miona,924900,247902,223
S72.37,2026-02-21,1966 HARTFORD PATH,The Village of Bridgeport at Lake Miona,1175000,248062,223
S72.98,2026-02-21,1993 HARTFORD PATH,The Village of Bridgeport at Lake Miona,925000,247210,223
S643.30,2026-02-21,721 ROSELLA PL,The Village of Winifred,349900,249231,223
S70.37,2026-02-21,405 KINGSTON WAY,The Village of Winifred,467000,249249,223
S70.115,2026-02-21,1834 TREADWELL TER,The Village of Winifred,625000,247991,223
S646.39,2026-02-21,826 CARNEGIE CT,The Village of Ashland,299000,248655,223
S82.100,2026-02-21,2146 KAYLEE DR,The Village of Ashland,398500,248629,223
S83.11,2026-02-21,2208 JASPER WAY,The Village of Ashland,379900,247364,223
S87.46,2026-02-21,883 AIKEN AVE,The Village of Lynnhaven,319000,247867,223
S87.50,2026-02-21,2448 SALUDA ST,The Village of Lynnhaven,360000,248516,223
S89.61,2026-02-21,790 EVELYNTON LOOP,The Village of Lynnhaven,329900,248598,223
S90.45,2026-02-21,1194 BETHUNE WAY,The Village of Sunset Pointe,389000,248870,223
S91.18,2026-02-21,1420 STRATON WAY,The Village of Sunset Pointe,555000,247584,223
S91.30,2026-02-21,1484 TIDEWATER TER,The Village of Sunset Pointe,427900,248766,223
S92.30,2026-02-21,1774 BLYTHEWOOD LOOP,The Village of Sunset Pointe,780000,249248,223
S99.151,2026-02-21,1708 KENSINGTON PL,The Village of Poinciana,399000,249255,223
S655.53,2026-02-21,1523 ALEXANDRIA PL,The Village of Poinciana,375000,247769,223
S660.34,2026-02-21,2008 DORCHESTER AVE,The Village of Poinciana,339900,248677,223
S97.57,2026-02-21,1442 GREENVILLE WAY,The Village of Liberty Park,380000,249111,223
S98.7,2026-02-21,1637 BLUFFTON RD,The Village of Liberty Park,290000,248080,223
S661.21,2026-02-21,1398 CHESTERFIELD LN,The Village of Liberty Park,329900,249091,223
S661.28,2026-02-21,1399 GEORGIANA TER,The Village of Liberty Park,524900,248681,223
S661.37,2026-02-21,1398 GEORGIANA TER,The Village of Liberty Park,298700,248909,223
S657.16,2026-02-21,845 SOUTH SHORE LN,The Village of Lake Sumter Landing,1700000,247840,223
S106.76,2026-02-21,1433 FOREST ACRES DR,The Village of Virginia Trace,649000,248005,223
S106.101,2026-02-21,999 CARIBOU WAY,The Village of Virginia Trace,449900,248949,223
S107.9,2026-02-21,1372 HONEA PATH,The Village of Virginia Trace,587800,248784,223
S107.25,2026-02-21,1505 INMAN MILLS RD,The Village of Virginia Trace,688000,248850,223
S112.64,2026-02-21,1262 PAGELAND WAY,The Village of Caroline,350000,248944,223
S112.130,2026-02-21,299 LEESVILLE ST,The Village of Caroline,310000,248122,223
S670.18,2026-02-21,300 KATHERINE PL,The Village of Caroline,289000,249019,223
S670.29,2026-02-21,1567 WOODFIELD WAY,The Village of Caroline,305000,248888,223
S670.81,2026-02-21,300 STARR LN,The Village of Caroline,300000,248499,223
S115.28,2026-02-21,1469 DALZELL CT,The Village of Mallory Square,475000,249161,223
S115.106,2026-02-21,499 MALLORY HILL DR,The Village of Mallory Square,399000,248562,223
S115.200,2026-02-21,1605 LYNCHBURG LOOP,The Village of Mallory Square,525000,247953,223
S115.261,2026-02-21,628 MALLORY HILL DR,The Village of Mallory Square,425000,249183,223
S115.320,2026-02-21,647 MALLORY HILL DR,The Village of Mallory Square,439000,249284,223
S126.248,2026-02-21,587 LITTLE RIVER PATH,The Village of Mallory Square,384711,249270,223
S669.99,2026-02-21,277 VARNVILLE WAY,The Village of Mallory Square,279900,248952,223
S672.7,2026-02-21,422 CARLISLE CT,The Village of Mallory Square,379900,249294,223
S676.72,2026-02-21,1089 SUMMERTON ST,The Village of Sabal Chase,425000,248918,223
S118.97,2026-02-21,751 ASTOR WAY,The Village of Sabal Chase,629000,248289,223
S119.33,2026-02-21,1100 GOLDEN GROVE DR,The Village of Sabal Chase,424900,247409,223
S120.35,2026-02-21,1112 RIDGELAND PATH,The Village of Sabal Chase,570000,248349,223
S121.116,2026-02-21,1885 POPPY CIR,The Village of Sabal Chase,419000,248485,223
S122.75,2026-02-21,702 CORDOVA CIR,The Village of Largo,369000,248194,223
S122.128,2026-02-21,2176 BLACKVILLE DR,The Village of Largo,729000,249001,223
S122.328,2026-02-21,707 CORDOVA CIR,The Village of Largo,382500,249107,223
S105.73,2026-02-21,817 EVANS WAY,The Village of Bridgeport at Lake Sumter,1174000,248884,223
S105.83,2026-02-21,1128 HARLEY CIR,The Village of Bridgeport at Lake Sumter,1200000,247980,223
S127.153,2026-02-21,499 CORBETT DR,The Village of Amelia,295800,247591,223
S128.66,2026-02-21,561 INNER CIR,The Village of Amelia,1100000,248504,223
S130.56,2026-02-21,1908 HARSTON TRL,The Village of Amelia,297094,248269,223
S130.116,2026-02-21,486 KEYHOLE ST,The Village of Amelia,345000,248950,223
S700.28,2026-02-21,1986 KAY TER,The Village of Amelia,349000,248397,223
S700.59,2026-02-21,591 AUDREY LN,The Village of Amelia,324900,248145,223
S146.164,2026-02-21,1567 TALLOWTREE DR,The Village of Duval,339997,249342,223
S146.347,2026-02-21,2600 ENGLISH IVY CIR,The Village of Duval,349985,249309,223
S146.393,2026-02-21,2525 ENGLISH IVY CIR,The Village of Duval,449900,248732,223
S702.57,2026-02-21,2343 RIDGEWAY CT,The Village of Duval,340000,248986,223
S705.88,2026-02-21,2627 EVERWOOD CT,The Village of Duval,284900,249188,223
S714.44,2026-02-21,2395 CHESTNUT TER,The Village of Duval,339000,249334,223
S714.80,2026-02-21,1543 DOUBLE PALM PL,The Village of Duval,325000,247765,223
S707.19,2026-02-21,1409 CHATEAU WAY,The Village of Duval,359000,247806,223
S136.121,2026-02-21,984 BAISLEY TRL,The Village of Bonita,849900,248274,223
S136.144,2026-02-21,2264 QUINCY CT,The Village of Bonita,355000,248906,223
S136.159,2026-02-21,770 GOLIATH PL,The Village of Bonita,389000,248356,223
S140.10,2026-02-21,2323 BRAMBLE TER,The Village of Bonita,849000,248791,223
S141.87,2026-02-21,2296 HEATH SPRINGS DR,The Village of Bonita,1199999,249312,223
S712.29,2026-02-21,2371 OTHELLO CT,The Village of Bonita,368000,247631,223
S712.34,2026-02-21,737 LENORE LN,The Village of Bonita,344000,248300,223
S132.129,2026-02-21,2280 HACKNEY WAY,The Village of Hadley,357900,247091,223
S133.71,2026-02-21,2398 GATSBY LN,The Village of Hadley,849900,248941,223
S135.287,2026-02-21,504 AINSWORTH CIR,The Village of Hadley,369000,248811,223
S715.11,2026-02-21,2595 DARTFORD TER,The Village of Hadley,539000,248165,223
S715.32,2026-02-21,2644 BAINBRIDGE LN,The Village of Hadley,345000,248093,223
S138.56,2026-02-21,929 NASH LOOP,The Village of Hemingway,339700,249095,223
S138.118,2026-02-21,2566 JERICHO WAY,The Village of Hemingway,379900,249275,223
S138.206,2026-02-21,1048 NASH LOOP,The Village of Hemingway,324995,248985,223
S143.48,2026-02-21,2727 BECKETT RUN,The Village of Hemingway,875000,248060,223
S172.16,2026-02-21,2729 JANWOOD AVE,The Village of Hemingway,769000,249129,223
S710.58,2026-02-21,971 MARGAUX TRL,The Village of Hemingway,279800,249158,223
S708.25,2026-02-21,2552 MOSBY TER,The Village of Hemingway,425000,248733,223
S708.26,2026-02-21,2546 MOSBY TER,The Village of Hemingway,445000,248390,223
S708.43,2026-02-21,1064 BERG CT,The Village of Hemingway,398500,247572,223
S171.60,2026-02-21,2252 CLEARWATER RUN,The Village of Bridgeport at Miona Shores,1395000,249043,223
S171.84,2026-02-21,2257 CLEARWATER RUN,The Village of Bridgeport at Miona Shores,1900000,248254,223
S148.41,2026-02-21,1612 DUTCHESS LOOP,The Village of St. Charles,495000,249171,223
S148.53,2026-02-21,1729 DUTCHESS LOOP,The Village of St. Charles,489900,248404,223
S149.77,2026-02-21,1776 BASSINGER CT,The Village of St. Charles,299711,248928,223
S150.173,2026-02-21,2022 FOGGY BROOK LOOP,The Village of St. Charles,599900,248848,223
S823.52,2026-02-21,1792 ORANGE CT,The Village of St. Charles,289900,249223,223
S815.39,2026-02-21,1862 HALLANDALE LN,The Village of St. Charles,306900,249088,223
S815.70,2026-02-21,1858 ENDSLEY CT,The Village of St. Charles,299000,249215,223
S816.9,2026-02-21,1795 HORTENSIA PL,The Village of St. Charles,334900,248687,223
S816.50,2026-02-21,1791 HUCKLEBERRY ST,The Village of St. Charles,329500,249037,223
S821.14,2026-02-21,2219 JETTA WAY,The Village of Pennecamp,309550,249265,223
S821.17,2026-02-21,2237 JETTA WAY,The Village of Pennecamp,295999,249057,223
S809.44,2026-02-21,1937 NEEDLEWOOD LN,The Village of Pennecamp,324900,248325,223
S825.48,2026-02-21,2295 TRAILWINDS TER,The Village of Tamarind Grove,474900,249260,223
S825.81,2026-02-21,2323 NAUTILUS LN,The Village of Tamarind Grove,484900,247968,223
S155.11,2026-02-21,2341 MONTBROOK PL,The Village of Tamarind Grove,327000,248031,223
S155.92,2026-02-21,2393 HIGHBANKS CT,The Village of Tamarind Grove,316900,247611,223
S159.85,2026-02-21,2450 CARRIAGE HILL WAY,The Village of Tamarind Grove,675000,247491,223
S159.96,2026-02-21,2419 CARRIAGE HILL WAY,The Village of Tamarind Grove,868800,248689,223
S160.110,2026-02-21,2287 NEWBURN LN,The Village of Tamarind Grove,499985,248531,223
S160.150,2026-02-21,2499 BACHMAN PATH,The Village of Tamarind Grove,429900,249079,223
S160.193,2026-02-21,2370 BACHMAN PATH,The Village of Tamarind Grove,469900,248714,223
S811.44,2026-02-21,2264 WAYLAND ST,The Village of Tamarind Grove,365000,248833,223
S810.45,2026-02-21,2497 CEDAR KEY LN,The Village of Buttonwood,289000,248470,223
S810.47,2026-02-21,2505 CEDAR KEY LN,The Village of Buttonwood,299000,248862,223
S807.53,2026-02-21,2500 GRANVILLE TER,The Village of Buttonwood,319900,249007,223
S157.92,2026-02-21,2023 CHALMER TER,The Village of Buttonwood,789000,248341,223
S161.93,2026-02-21,2175 DORST LN,The Village of Buttonwood,469000,249012,223
S161.112,2026-02-21,2240 BACHMAN PATH,The Village of Buttonwood,539000,249105,223
S170.68,2026-02-21,2596 BUTTONWOOD RUN,The Village of Buttonwood,324900,248453,223
S170.200,2026-02-21,1965 DALECROFT TRL,The Village of Buttonwood,649900,246266,223
S170.270,2026-02-21,1963 HARDING PATH,The Village of Buttonwood,394500,247281,223
S812.64,2026-02-21,2292 CRESTVIEW ST,The Village of Buttonwood,414900,249156,223
S828.57,2026-02-21,1234 MERRYWEATHER WAY,The Village of Bridgeport-Creekside Landing,459500,248582,223
S828.59,2026-02-21,1226 MERRYWEATHER WAY,The Village of Bridgeport-Creekside Landing,470000,247948,223
S814.40,2026-02-21,1887 LOADSTAR AVE,The Village of St. James,499600,248009,223
S814.55,2026-02-21,1935 FAIRWINDS PL,The Village of St. James,354000,249021,223
S153.125,2026-02-21,2048 PAISLEY WAY,The Village of St. James,485000,249212,223
S175.31,2026-02-21,2924 JURGENSEN TER,The Village of Sanibel,497500,249327,223
S175.135,2026-02-21,664 ALWICK WAY,The Village of Sanibel,525000,248874,223
S176.32,2026-02-21,2875 ADRIENNE WAY,The Village of Sanibel,549000,248748,223
S176.68,2026-02-21,2966 BRADDY CT,The Village of Sanibel,549000,248301,223
S176.171,2026-02-21,2912 ASHER PATH,The Village of Sanibel,549900,246821,223
S177.9,2026-02-21,952 VANILLA LEAF PL,The Village of Sanibel,587000,248384,223
S177.117,2026-02-21,2921 FRENCH OAK AVE,The Village of Sanibel,539900,249035,223
S177.136,2026-02-21,923 VANILLA LEAF PL,The Village of Sanibel,519316,248662,223
S178.135,2026-02-21,3158 RAVEN CROFT TER,The Village of Sanibel,524900,249372,223
S949.56,2026-02-21,732 RICHFIELD ST,The Village of Sanibel,429900,249205,223
S802.80,2026-02-21,1021 MALLARD LN,The Village of Bridgeport - Edgewater,529000,249151,223
S205.213,2026-02-21,1269 TANGELO LN,The Village of Fernandina,504900,247936,223
S206.148,2026-02-21,3199 LAFAYETTE ST,The Village of Fernandina,529900,248855,223
S208.11,2026-02-21,1357 OWL DR,The Village of Fernandina,474900,247864,223
S208.60,2026-02-21,1244 THUNDERBIRD WAY,The Village of Fernandina,585000,248200,223
S208.83,2026-02-21,1328 MOCKINGBIRD LN,The Village of Fernandina,559000,248367,223
S208.110,2026-02-21,1276 MOCKINGBIRD LN,The Village of Fernandina,459000,248016,223
S215.8,2026-02-21,3361 BRASSIE TER,The Village of Fernandina,499900,248829,223
S215.122,2026-02-21,3354 RIDGEWOOD PATH,The Village of Fernandina,899999,248799,223
S941.59,2026-02-21,1109 TIPTON LN,The Village of Fernandina,344900,248288,223
S952.46,2026-02-21,1433 DYNASTY PL,The Village of Fernandina,278500,247586,223
S952.66,2026-02-21,1479 OLYMPIA ST,The Village of Fernandina,319900,249245,223
S181.49,2026-02-21,3389 GREENACRES TER,The Village of Charlotte,349900,249176,223
S181.157,2026-02-21,3462 GREENACRES TER,The Village of Charlotte,410000,248710,223
S196.48,2026-02-21,3372 MAYFLOWER LOOP,The Village of Charlotte,715000,248753,223
S196.176,2026-02-21,809 ENISGROVE WAY,The Village of Charlotte,559777,248544,223
S945.13,2026-02-21,3331 OVERLAND TER,The Village of Charlotte,369000,249196,223
S945.36,2026-02-21,3362 SEBASTION AVE,The Village of Charlotte,380000,248091,223
S188.53,2026-02-21,717 ROCKINGHAM RD,The Village of Charlotte,849000,247837,223
S209.70,2026-02-21,3138 AMHERST WAY,The Village of Gilchrist,689000,248273,223
S210.131,2026-02-21,2991 OLENDA DR,The Village of Gilchrist,574000,249068,223
S211.74,2026-02-21,3067 BUREAU PATH,The Village of Gilchrist,859316,248734,223
S211.165,2026-02-21,1594 NORWOOD ST,The Village of Gilchrist,585000,248726,223
S212.58,2026-02-21,2965 STEPPING STONE PATH,The Village of Gilchrist,724900,249072,223
S214.97,2026-02-21,3242 ORANGEDALE TER,The Village of Gilchrist,449900,249135,223
S953.43,2026-02-21,1751 BRANDENBURG CT,The Village of Gilchrist,335000,249081,223
S697.5,2026-02-21,5 HICKORY HEAD HAMMOCK,The Village of Hickory Head Hammock,499711,247990,223
S224.77,2026-02-21,2873 BORDER CT,The Village of Pinellas,540000,247655,223
S224.168,2026-02-21,1953 YEARLING WAY,The Village of Pinellas,450000,247580,223
S225.90,2026-02-21,1952 ALTAIR PATH,The Village of Pinellas,989900,247377,223
S951.4,2026-02-21,3056 NUTWOOD AVE,The Village of Pinellas,319000,248818,223
S951.73,2026-02-21,2447 UPTON ST,The Village of Pinellas,299000,247728,223
S943.8,2026-02-21,3070 GULFPORT CT,The Village of Pinellas,379000,247590,223
S943.13,2026-02-21,2396 INWOOD PL,The Village of Pinellas,399000,248980,223
S223.105,2026-02-21,3334 NORCOOSE RD,The Village of Collier,424900,246793,223
S232.143,2026-02-21,3434 WENTROP AVE,The Village of Collier,465000,248164,223
S232.146,2026-02-21,3454 WENTROP AVE,The Village of Collier,499900,248407,223
S959.57,2026-02-21,3401 ALWYNE AVE,The Village of Collier,305000,248715,223
S955.62,2026-02-21,2598 ALCADE PL,The Village of Collier,429600,249218,223
S216.57,2026-02-21,3446 ICHABOD WAY,The Village of Hillsborough,479000,248806,223
S217.162,2026-02-21,1583 LEMON LOOP,The Village of Hillsborough,569000,248551,223
S219.35,2026-02-21,3457 TISBURY AVE,The Village of Hillsborough,1050000,248119,223
S220.79,2026-02-21,2136 XANADU LOOP,The Village of Hillsborough,599000,249184,223
S964.72,2026-02-21,3773 IVEY TER,The Village of Hillsborough,274000,248878,223
S218.64,2026-02-21,3560 QUIETWOODS DR,The Village of Lake Deaton,535000,248030,223
S236H.147,2026-02-21,3872 WINE PALM WAY,The Village of Lake Deaton,530000,249307,223
S201.51,2026-02-21,3575 YATES AVE,The Village of Dunedin,619000,249099,223
S202.67,2026-02-21,1329 PINEY WOODS PATH,The Village of Dunedin,455800,247891,223
S202.128,2026-02-21,3706 MANGO CT,The Village of Dunedin,424999,249325,223
S203.14,2026-02-21,3683 FIR ST,The Village of Dunedin,477300,248695,223
S203.31,2026-02-21,3787 FIR ST,The Village of Dunedin,377500,249226,223
S237.38,2026-02-21,1489 PLANK ST,The Village of Dunedin,725000,246208,223
S237.119,2026-02-21,1405 QUARTZ AVE,The Village of Dunedin,515000,248622,223
S961.55,2026-02-21,924 NUTHATCH AVE,The Village of Dunedin,355000,249198,223
S962.54,2026-02-21,1390 VIOLA CT,The Village of Dunedin,289500,249201,223
S968.4,2026-02-21,1251 TAMBOURINE TER,The Village of Dunedin,342777,248658,223
S971.113,2026-02-21,562 AVECILLA DR,Haciendas of Mission Hills,799000,249229,223
S971.128,2026-02-21,646 AVECILLA DR,Haciendas of Mission Hills,847800,248824,223
S966.8,2026-02-21,3776 E TORCH LAKE DR,The Village of Collier at Antrim Dells,849900,247630,223
S966.61,2026-02-21,2433 DAY DR,The Village of Collier at Antrim Dells,589900,248929,223
S966.67,2026-02-21,2461 DAY DR,The Village of Collier at Antrim Dells,659900,248974,223
S966.167,2026-02-21,3949 E TORCH LAKE DR,The Village of Collier at Antrim Dells,575000,248620,223
S969.45,2026-02-21,2877 CHARLEVOIX ST,The Village of Collier at Alden Bungalows,514900,248660,223
S969.117,2026-02-21,2853 PETOSKEY PL,The Village of Collier at Alden Bungalows,545000,248955,223
S969.150,2026-02-21,3463 LEELANAU CT,The Village of Collier at Alden Bungalows,548888,248581,223
S969.160,2026-02-21,3444 LEELANAU CT,The Village of Collier at Alden Bungalows,549900,249283,223
S184.37,2026-02-21,3425 VINEYARD DR,The Village of Labelle,499000,248051,223
S184.99,2026-02-21,389 JUNCTION PL,The Village of Labelle,563700,249331,223
S185.99,2026-02-21,490 INDEPENDENCE PATH,The Village of Labelle,599900,248023,223
S186.59,2026-02-21,483 PINFISH CT,The Village of Labelle,769000,247658,223
S186.74,2026-02-21,468 INK SPOT WAY,The Village of Labelle,465000,249094,223
S833.113,2026-02-21,3256 SENNETT CIR,Oxford Oaks - Family Neighborhood,389000,249075,223
S833.122,2026-02-21,3274 SENNETT CIR,Oxford Oaks - Family Neighborhood,529999,247756,223
S833.130,2026-02-21,3290 SENNETT CIR,Oxford Oaks - Family Neighborhood,440400,249164,223
S833.143,2026-02-21,11201 MIDORA TER,Oxford Oaks - Family Neighborhood,799000,248672,223
S833.166,2026-02-21,3335 ROHAN RD,Oxford Oaks - Family Neighborhood,369000,247613,223
S833.186,2026-02-21,3269 SENNETT CIR,Oxford Oaks - Family Neighborhood,688000,248898,223
S833.189,2026-02-21,3275 SENNETT CIR,Oxford Oaks - Family Neighborhood,429000,248772,223
S833.206,2026-02-21,3342 TRULUCK PL,Oxford Oaks - Family Neighborhood,449000,249031,223
S833.222,2026-02-21,11170 HANSON TER,Oxford Oaks - Family Neighborhood,1079000,248537,223
S833.293,2026-02-21,11387 ZIMMERMAN PATH,Oxford Oaks - Family Neighborhood,424900,248637,223
S833.301,2026-02-21,11403 ZIMMERMAN PATH,Oxford Oaks - Family Neighborhood,455000,247943,223
S833.338,2026-02-21,11297 BERNING TER,Oxford Oaks - Family Neighborhood,644900,246876,223
S833.377,2026-02-21,11368 LAUFERSKY LANE,Oxford Oaks - Family Neighborhood,339900,249323,223
S833.404,2026-02-21,3526 THORNE PATH,Oxford Oaks - Family Neighborhood,425000,248417,223
S833.439,2026-02-21,3260 DZURO DR,Oxford Oaks - Family Neighborhood,1095000,247061,223
S833.548,2026-02-21,11379 SOUTAR AVE,Oxford Oaks - Family Neighborhood,339000,249365,223
S194.214,2026-02-21,4349 WATCH HILL ST,The Village of Osceola Hills,975000,249320,223
S195.166,2026-02-21,4267 TUSCALOOSA PATH,The Village of Osceola Hills,675000,248328,223
S195.174,2026-02-21,4317 TUSCALOOSA PATH,The Village of Osceola Hills,519000,249340,223
S957.17,2026-02-21,4063 WICKHAM CT,The Village of Osceola Hills,474700,248821,223
S958.37,2026-02-21,4138 XANTHUS CT,The Village of Osceola Hills,279000,248976,223
S958.38,2026-02-21,4142 XANTHUS CT,The Village of Osceola Hills,288000,248529,223
L25.9,2026-02-21,1186 BRUSKO DR,The Village of Pine Ridge,824900,248345,223
L28.46,2026-02-21,725 JONES LN,The Village of Pine Ridge,375000,246030,223
L35.5,2026-02-21,3179 MARKWARD DR,The Village of Pine Ridge,599900,248860,223
L35.115,2026-02-21,3208 MARKWARD DR,The Village of Pine Ridge,459000,248452,223
L36.61,2026-02-21,3193 TRUSSLER TER,The Village of Pine Ridge,399000,248627,223
L36.118,2026-02-21,3210 TRUSSLER TER,The Village of Pine Ridge,409900,249167,223
L37.14,2026-02-21,3170 DELK DR,The Village of Pine Ridge,929900,248456,223
L37.45,2026-02-21,3291 DELK DR,The Village of Pine Ridge,529000,249029,223
L104.53,2026-02-21,1061 CARVER CT,The Village of Pine Ridge,355000,245730,223
L105.51,2026-02-21,875 PARRISH PL,The Village of Pine Ridge,344900,248612,223
L30.89,2026-02-21,3317 FINK ST,The Village of Pine Hills,559000,248838,223
L31.118,2026-02-21,3457 BORROWMAN AVE,The Village of Pine Hills,1895000,249154,223
L32.57,2026-02-21,3371 BLAISE TER,The Village of Pine Hills,387000,249140,223
L33.32,2026-02-21,989 VAUGHN WAY,The Village of Pine Hills,499850,248671,223
L33.151,2026-02-21,978 HART DR,The Village of Pine Hills,499000,249034,223
L33.158,2026-02-21,963 HART DR,The Village of Pine Hills,489000,248136,223
L34.105,2026-02-21,3397 MCCABE ST,The Village of Pine Hills,555000,247037,223
L39.63,2026-02-21,1200 MCDONOUGH PL,The Village of Pine Hills,475000,249350,223
L39.111,2026-02-21,3283 WISE WAY,The Village of Pine Hills,599900,248166,223
S94.5,2026-02-21,1563 BLENHEIM TRL,The Village of Sunset Ridge at Sunset Pointe,979000,248450,223
S207.41,2026-02-21,2924 EMORY AVE,The Village of Fernandina at MacClenny,1220000,248486,223
S972.11,2026-02-21,392 WARTINBEE LN,The Village of Sanibel at Clifford,579900,248875,223
S972.23,2026-02-21,2860 RESMONDO RD,The Village of Sanibel at Clifford,674990,248992,223
S616.27,2026-02-21,5615 BOBCAT TER,The Village of Fenney,334900,248834,223
S616.39,2026-02-21,2808 BLACK BEAR LN,The Village of Fenney,399900,248368,223
S617.9,2026-02-21,5776 HONEYSUCKLE AVE,The Village of Fenney,349000,248822,223
S5F.12,2026-02-21,2638 TENNEY LN,The Village of Fenney,990000,249082,223
S1F.16,2026-02-21,3191 WARBLER LOOP,The Village of Fenney,674900,248959,223
S1F.17,2026-02-21,3187 WARBLER LOOP,The Village of Fenney,644000,247727,223
S2F.97,2026-02-21,3085 SPIDER LILY ST,The Village of Fenney,799999,249266,223
S2F.109,2026-02-21,2991 SPIDER LILY ST,The Village of Fenney,445000,249359,223
S2F.123,2026-02-21,5552 CEDAR WAXWING DR,The Village of Fenney,717500,248307,223
S4F.25,2026-02-21,5700 SEA GRAPES WAY,The Village of Fenney,797000,249096,223
S4F.73,2026-02-21,5783 ZEBRA LONGWING PATH,The Village of Fenney,839900,247992,223
S4F.93,2026-02-21,5698 ZEBRA LONGWING PATH,The Village of Fenney,999000,249166,223
S11F.90,2026-02-21,5868 WOOD STORK WAY,The Village of Fenney,619800,248601,223
S624.21,2026-02-21,3021 BEARD RD,The Village of Fenney,309000,248800,223
S624.56,2026-02-21,5866 MARSH CT,The Village of Fenney,305000,248845,223
S625.6,2026-02-21,3144 MERRIT LN,The Village of Fenney,369500,249175,223
S625.7,2026-02-21,3138 MERRIT LN,The Village of Fenney,449000,248965,223
S623.17,2026-02-21,5843 HOWELL TER,The Village of Fenney,235000,248970,223
S8F.73,2026-02-21,5821 GILMORE TER,The Village of Fenney,649977,248830,223
S10F.121,2026-02-21,5810 PENNEY LN,The Village of Fenney,599900,248754,223
S619.11,2026-02-21,2432 DOOLEY ST,The Village of DeSoto,484900,248172,223
S619.37,2026-02-21,2441 NELLIE RD,The Village of DeSoto,359900,248432,223
S619.66,2026-02-21,2402 NELLIE RD,The Village of DeSoto,399900,247725,223
S619.71,2026-02-21,2430 NELLIE RD,The Village of DeSoto,374900,248480,223
S621.28,2026-02-21,2444 LAY LN,The Village of DeSoto,445000,248996,223
S6F.76,2026-02-21,5872 HERNDON TER,The Village of DeSoto,629900,247161,223
S14V.43,2026-02-21,2259 GORDON PATH,The Village of McClure,1100000,248459,223
S14V.77,2026-02-21,2307 GORDON PATH,The Village of McClure,399900,248916,223
S17V.23,2026-02-21,2156 CANNON LOOP,The Village of McClure,1145000,247677,223
S719.3,2026-02-21,5710 CARLA CT,The Village of McClure,375000,247482,223
S719.14,2026-02-21,5690 TATMAN TER,The Village of McClure,420000,249355,223
S720.26,2026-02-21,2335 SNODGRASS LN,The Village of McClure,324000,249238,223
S720.39,2026-02-21,5609 MCCRAY AVE,The Village of McClure,289900,249348,223
S720.47,2026-02-21,5608 MCCRAY AVE,The Village of McClure,289500,248552,223
S722.19,2026-02-21,5740 SANBORN ST,The Village of McClure,699000,248426,223
S722.20,2026-02-21,5746 SANBORN ST,The Village of McClure,585000,248717,223
S722.21,2026-02-21,5752 SANBORN ST,The Village of McClure,675000,249302,223
S973.1,2026-02-21,2890 TORCH POINT LANE,The Village of Collier at Atwood Bungalows,545000,248465,223
S973.54,2026-02-21,2916 TORCH POINT LANE,The Village of Collier at Atwood Bungalows,599900,248744,223
S20V.12,2026-02-21,2297 DEMARCO DR,The Village of Marsh Bend,1495000,247493,223
S20V.62,2026-02-21,5314 EBY PL,The Village of Marsh Bend,459900,249211,223
S21V.9,2026-02-21,2385 JANESY CT,The Village of Marsh Bend,1795000,248416,223
S22V.32,2026-02-21,5429 REYNOLDS RD,The Village of Marsh Bend,599000,248510,223
S22V.41,2026-02-21,5422 ALFREDSON TER,The Village of Marsh Bend,599000,248978,223
S24V.22,2026-02-21,2770 DUNHAM DR,The Village of Marsh Bend,893900,248804,223
S26V.4,2026-02-21,5145 LAWLER LOOP,The Village of Marsh Bend,1195000,249335,223
S26V.14,2026-02-21,5089 LAWLER LOOP,The Village of Marsh Bend,1325000,249225,223
S28V.67,2026-02-21,5055 FRANCIS LOOP,The Village of Marsh Bend,429900,249193,223
S723.12,2026-02-21,5434 SAMUEL ST,The Village of Marsh Bend,347711,249106,223
S725.30,2026-02-21,5439 WEAVER AVE,The Village of Marsh Bend,315000,248469,223
S33V.50,2026-02-21,5784 HENRY LOOP,The Village of Linden,699999,249134,223
S34V.4,2026-02-21,1866 BEGAN PL,The Village of Linden,509900,247872,223
S35V.11,2026-02-21,5557 PARKYN PATH,The Village of Linden,749000,247369,223
S35V.28,2026-02-21,5631 PARKYN PATH,The Village of Linden,675000,248425,223
S35V.69,2026-02-21,1829 ALTON AVE,The Village of Linden,419000,248757,223
S732.14,2026-02-21,5665 FERNANDES CT,The Village of Linden,549000,248131,223
S732.25,2026-02-21,1945 RIEGER RD,The Village of Linden,579000,249179,223
S732.30,2026-02-21,1971 RIEGER RD,The Village of Linden,459000,248688,223
S733.56,2026-02-21,1954 CROMER PL,The Village of Linden,319000,249126,223
S36A.1,2026-02-21,5769 HICKEY WAY,The Village of Monarch Grove,724900,248790,223
S36V.2,2026-02-21,5709 HICKEY WAY,The Village of Monarch Grove,849000,249262,223
S36V.29,2026-02-21,1698 GERMAKIAN LN,The Village of Monarch Grove,429000,247519,223
S36V.47,2026-02-21,5822 HICKEY WAY,The Village of Monarch Grove,382800,247581,223
S36V.73,2026-02-21,1621 MANSERRA ST,The Village of Monarch Grove,384900,248517,223
S36V.79,2026-02-21,1596 MANSERRA ST,The Village of Monarch Grove,519000,249221,223
S37V.28,2026-02-21,5940 REBUSMEN RD,The Village of Monarch Grove,424900,248587,223
S38V.55,2026-02-21,1572 WILLIAMSON DR,The Village of Monarch Grove,749711,248346,223
S38V.64,2026-02-21,1516 WILLIAMSON DR,The Village of Monarch Grove,469000,248763,223
S38V.77,2026-02-21,6021 POLACHECK PL,The Village of Monarch Grove,429000,248240,223
S39V.101,2026-02-21,1690 HARTER WAY,The Village of Monarch Grove,409000,248475,223
S40V.35,2026-02-21,6007 KECKONEN DR,The Village of Monarch Grove,575000,249274,223
S40V.84,2026-02-21,1902 ZIENTARA LOOP,The Village of Monarch Grove,725000,248946,223
S41V.54,2026-02-21,6019 DIJULIO TER,The Village of Monarch Grove,434900,249152,223
S42V.11,2026-02-21,5922 FLINT LOOP,The Village of Monarch Grove,989000,249172,223
S42V.24,2026-02-21,5870 FLINT LOOP,The Village of Monarch Grove,834900,248421,223
S737.8,2026-02-21,1989 CERNY CT,The Village of Monarch Grove,374900,248428,223
S737.14,2026-02-21,2019 CERNY CT,The Village of Monarch Grove,489900,248935,223
S737.24,2026-02-21,5996 SCARDINO ST,The Village of Monarch Grove,399000,248927,223
S737.33,2026-02-21,5997 GAGNON TER,The Village of Monarch Grove,645000,248852,223
S737.35,2026-02-21,5987 GAGNON TER,The Village of Monarch Grove,389900,249222,223
S737.43,2026-02-21,1994 CERNY CT,The Village of Monarch Grove,397900,247955,223
S738.16,2026-02-21,6078 BUDNY AVE,The Village of Monarch Grove,315000,249112,223
S30A.21,2026-02-21,4860 CORDER RUN,The Village of DeLuna,1125000,248634,223
S31V.77,2026-02-21,2799 VICTOR CT,The Village of DeLuna,899000,248793,223
S731.35,2026-02-21,2779 KILCREASE LOOP,The Village of DeLuna,407000,249285,223
S731.47,2026-02-21,2826 KILCREASE LOOP,The Village of DeLuna,425000,248134,223
S117V.10,2026-02-21,3077 ELY CIR,The Village of DeLuna,580000,249276,223
S117V.21,2026-02-21,3143 ELY CIR,The Village of DeLuna,995000,249147,223
S117V.33,2026-02-21,4442 SHANNON LOOP,The Village of DeLuna,687000,248193,223
S117V.39,2026-02-21,3037 LICCIARDELLO PATH,The Village of DeLuna,599000,249104,223
S119V.1,2026-02-21,4577 WHITTINGTON CIR,The Village of DeLuna,969500,249022,223
S125V.41,2026-02-21,4714 WIGHTMAN CIR,The Village of DeLuna,749900,246583,223
S125V.57,2026-02-21,4640 WIGHTMAN CIR,The Village of DeLuna,579000,248823,223
S125V.108,2026-02-21,4681 WIGHTMAN CIR,The Village of DeLuna,549900,248022,223
S126V.35,2026-02-21,4634 RAMSELL RD,The Village of DeLuna,369811,248808,223
S133V.13,2026-02-21,4200 COLLERETTE CT,The Village of DeLuna,840000,248761,223
S133V.100,2026-02-21,3308 WIELENGA PL,The Village of DeLuna,1279000,248630,223
S134V.4,2026-02-21,3391 MILA LOOP,The Village of DeLuna,399000,247915,223
S134V.20,2026-02-21,4140 NADIRA CT,The Village of DeLuna,420000,248035,223
S135V.27,2026-02-21,3402 MELISSA LN,The Village of DeLuna,285000,249303,223
S135V.36,2026-02-21,3423 MELISSA LN,The Village of DeLuna,319900,249077,223
S136V.18,2026-02-21,4090 SILVANA WAY,The Village of DeLuna,276900,247791,223
S136V.38,2026-02-21,4101 CHARLEE LN,The Village of DeLuna,279900,247439,223
S137V.28,2026-02-21,3490 PIPER PL,The Village of DeLuna,424900,249118,223
S130V.13,2026-02-21,4284 GALE LN,The Village of DeLuna,324900,247774,223
S130V.16,2026-02-21,3167 MELLE PL,The Village of DeLuna,329900,247373,223
S132V.30,2026-02-21,4157 TIEDEMANN LOOP,The Village of DeLuna,389000,247878,223
S124V.34,2026-02-21,4550 BROOKE LN,The Village of DeLuna,799900,248590,223
S124V.60,2026-02-21,4549 BROOKE LN,The Village of DeLuna,528800,248120,223
S124V.63,2026-02-21,4531 BROOKE LN,The Village of DeLuna,649500,248343,223
S124V.64,2026-02-21,4525 BROOKE LN,The Village of DeLuna,648900,248919,223
S44A.31,2026-02-21,975 WILDER PATH,The Village of Chitty Chatty,797500,247822,223
S44V.7,2026-02-21,1140 COVEN CT,The Village of Chitty Chatty,850000,248085,223
S45V.5,2026-02-21,1039 AKIN WAY,The Village of Chitty Chatty,649900,248936,223
S45V.59,2026-02-21,813 AKIN WAY,The Village of Chitty Chatty,759000,248281,223
S741.14,2026-02-21,947 COUTURE ST,The Village of Chitty Chatty,415000,249162,223
S741.21,2026-02-21,4920 MACINTYRE LN,The Village of Chitty Chatty,379000,248805,223
S742.7,2026-02-21,4968 ELLIE LN,The Village of Chitty Chatty,339900,248525,223
S742.26,2026-02-21,4951 CARMEN CT,The Village of Chitty Chatty,239900,249200,223
S743.17,2026-02-21,4852 JOHN CRAMER CIR,The Village of Chitty Chatty,308500,249257,223
S744.49,2026-02-21,974 JAY ST,The Village of Chitty Chatty,474999,249345,223
S46V.34,2026-02-21,5396 GODINEZ CT,The Village of Bradford,499000,249214,223
S46V.37,2026-02-21,5375 MARLENE PL,The Village of Bradford,625000,248709,223
S46V.113,2026-02-21,1025 JARBOE AVE,The Village of Bradford,499500,248392,223
S46V.125,2026-02-21,974 RUTHIE RD,The Village of Bradford,499999,248396,223
S46V.174,2026-02-21,1005 RUTHIE RD,The Village of Bradford,439900,248724,223
S46V.194,2026-02-21,5431 BEDNARIK PL,The Village of Bradford,514900,248693,223
S46V.197,2026-02-21,5522 WARE WAY,The Village of Bradford,619747,249028,223
S47V.8,2026-02-21,1132 MAYNARD PATH,The Village of Bradford,699000,248152,223
S47V.9,2026-02-21,1126 MAYNARD PATH,The Village of Bradford,754800,248794,223
S47V.78,2026-02-21,1165 MAYNARD PATH,The Village of Bradford,565000,249279,223
S60V.7,2026-02-21,5181 BUCK ST,The Village of Bradford,739900,249054,223
S60V.30,2026-02-21,1142 BRENDA CT,The Village of Bradford,464850,249003,223
S60V.73,2026-02-21,1160 CHARLENE PL,The Village of Bradford,439000,249247,223
S61V.12,2026-02-21,1047 JANA CT,The Village of Bradford,274000,249061,223
S57V.2,2026-02-21,6074 CONLEY CT,The Village of Citrus Grove,589000,249237,223
S57V.5,2026-02-21,6052 CONLEY CT,The Village of Citrus Grove,625000,248789,223
S66V.3,2026-02-21,573 KAOLIN PATH,The Village of Citrus Grove,369000,248921,223
S66V.22,2026-02-21,6036 SWICORD ST,The Village of Citrus Grove,499000,248401,223
S67V.59,2026-02-21,6064 TOMPKINS ST,The Village of Citrus Grove,239900,248975,223
S58V.3,2026-02-21,6150 BARLEY PATH,The Village of Citrus Grove,1100000,248609,223
S59V.88,2026-02-21,295 PELCHAT PL,The Village of Citrus Grove,329000,248073,223
S59V.98,2026-02-21,278 PELCHAT PL,The Village of Citrus Grove,375000,248574,223
S71V.3,2026-02-21,6219 MULLIGAN RUN,The Village of Citrus Grove,1149800,248532,223
S71V.12,2026-02-21,6138 GRASSO CIR,The Village of Citrus Grove,1199900,247442,223
S71V.14,2026-02-21,6144 GRASSO CIR,The Village of Citrus Grove,1375316,248492,223
S71V.33,2026-02-21,6258 DANIELSON LOOP,The Village of Citrus Grove,929900,248463,223
S71V.202,2026-02-21,6362 MERHOTTEIN LOOP,The Village of Citrus Grove,424900,249280,223
S74V.12,2026-02-21,5992 MULLIGAN RUN,The Village of Citrus Grove,1399000,249314,223
S74V.119,2026-02-21,6144 SINGH LN,The Village of Citrus Grove,389999,248892,223
S74V.122,2026-02-21,6165 BRAMAN PL,The Village of Citrus Grove,799500,248868,223
S68V.12,2026-02-21,6186 DINGMAN WAY,The Village of Citrus Grove,344000,248353,223
S69V.4,2026-02-21,6283 WHITTLE CT,The Village of Citrus Grove,325000,249149,223
S72V.19,2026-02-21,652 PAXTON CT,The Village of Citrus Grove,799500,248923,223
S72V.22,2026-02-21,634 PAXTON CT,The Village of Citrus Grove,899511,248177,223
S72V.44,2026-02-21,639 PAXTON CT,The Village of Citrus Grove,619500,248228,223
S73V.5,2026-02-21,606 RITCH RD,The Village of Citrus Grove,409900,248128,223
S73V.43,2026-02-21,6128 RODRIGUEZ LN,The Village of Citrus Grove,369000,247803,223
S13F.48,2026-02-21,5693 BLANCHARD LN,The Village of Hammock at Fenney,1165000,248837,223
S139V.22,2026-02-21,5921 PRESENTI CT,The Village of Hammock at Fenney,440000,247814,223
S139V.30,2026-02-21,3793 STEPHANIE WAY,The Village of Hammock at Fenney,339900,248295,223
S139V.38,2026-02-21,3806 MITCHELLA LN,The Village of Hammock at Fenney,354900,248447,223
S140V.4,2026-02-21,3719 COYNE LOOP,The Village of Hammock at Fenney,1299000,248864,223
S140V.43,2026-02-21,6014 PHEIL PATH,The Village of Hammock at Fenney,915000,248872,223
S140V.63,2026-02-21,5857 MACKENZIE AVE,The Village of Hammock at Fenney,575000,248284,223
S140V.76,2026-02-21,3759 COYNE LOOP,The Village of Hammock at Fenney,1087000,249209,223
S141V.7,2026-02-21,3687 CAUSEY CT,The Village of Hammock at Fenney,879000,247687,223
S628.3,2026-02-21,3702 SUGARBERRY LN,The Village of Hammock at Fenney,569900,249066,223
S628.33,2026-02-21,5745 MARROT TER,The Village of Hammock at Fenney,429900,248124,223
S628.58,2026-02-21,5761 BRENNAN CT,The Village of Hammock at Fenney,511000,248316,223
S629.20,2026-02-21,5526 COTTRELL CT,The Village of Hammock at Fenney,645000,248920,223
S629.68,2026-02-21,5554 MILLICAN AVE,The Village of Hammock at Fenney,499000,247609,223
S629.69,2026-02-21,5548 MILLICAN AVE,The Village of Hammock at Fenney,424908,247388,223
S138V.36,2026-02-21,5853 VALENTE CT,The Village of Hammock at Fenney,319800,249130,223
S138V.47,2026-02-21,5881 BAMBOO AVE,The Village of Hammock at Fenney,314900,247855,223
S79V.56,2026-02-21,5838 JULIAN LOOP,The Village of Hawkins,555000,248644,223
S82V.31,2026-02-21,5716 BRETT WAY,The Village of Hawkins,1100000,248843,223
S86V.46,2026-02-21,1398 GATLIN PL,The Village of Hawkins,358000,248696,223
S87V.21,2026-02-21,5541 THOME LOOP,The Village of Hawkins,529500,247760,223
S87V.34,2026-02-21,5473 THOME LOOP,The Village of Hawkins,879000,248953,223
S87V.44,2026-02-21,5586 THOME LOOP,The Village of Hawkins,895600,249103,223
S88V.38,2026-02-21,1443 FRAZIER WAY,The Village of Hawkins,899000,248410,223
S92V.10,2026-02-21,5596 EVERTON CT,The Village of Hawkins,392000,248455,223
S94V.40,2026-02-21,1600 WAYCROSS PL,The Village of Hawkins,417900,247220,223
S94V.66,2026-02-21,5716 MELVIN DR,The Village of Hawkins,550000,247278,223
S81V.83,2026-02-21,5722 LEBOEUF LN,The Village of Hawkins,359000,248589,223
S85V.8,2026-02-21,1352 MARYBETH LN,The Village of Hawkins,244900,248275,223
S89V.28,2026-02-21,5862 SANFORD ST,The Village of Hawkins,464900,248317,223
S89V.49,2026-02-21,1315 MIZELL AVE,The Village of Hawkins,314900,248198,223
S89V.53,2026-02-21,1296 TATE TER,The Village of Hawkins,299500,247425,223
S90V.53,2026-02-21,1406 FRANKLIN CT,The Village of Hawkins,359000,249182,223
S93V.57,2026-02-21,5747 TINSLEY TER,The Village of Hawkins,270000,249235,223
S75V.32,2026-02-21,1054 SKATES ST,The Village of Cason Hammock,625000,249286,223
S75V.43,2026-02-21,1104 SKATES ST,The Village of Cason Hammock,925000,248338,223
S75V.94,2026-02-21,5881 MCCRANIE TER,The Village of Cason Hammock,777800,248654,223
S75V.105,2026-02-21,911 HUBBARD LOOP,The Village of Cason Hammock,1050000,247790,223
S75V.112,2026-02-21,862 HUBBARD LOOP,The Village of Cason Hammock,539555,248889,223
S77V.51,2026-02-21,958 TRIFU TER,The Village of Cason Hammock,524000,248984,223
S77V.91,2026-02-21,862 BOWDEN RD,The Village of Cason Hammock,479800,249168,223
S77V.102,2026-02-21,1077 OUTRIDGE LOOP,The Village of Cason Hammock,569000,248841,223
S76V.16,2026-02-21,5983 FREITAG AVE,The Village of Cason Hammock,629900,247073,223
S78V.11,2026-02-21,5991 HOLTON AVE,The Village of Cason Hammock,510000,249220,223
S48V.27,2026-02-21,1110 EBLING LOOP,The Village of St. Catherine,549000,247587,223
S48V.113,2026-02-21,5807 SCHAEFFER TER,The Village of St. Catherine,435000,248882,223
S48V.124,2026-02-21,5824 SCHAEFFER TER,The Village of St. Catherine,525000,249142,223
S49V.130,2026-02-21,5668 PATTERSON LOOP,The Village of St. Catherine,799000,247889,223
S51V.65,2026-02-21,5767 AMANDA TER,The Village of St. Catherine,535000,249143,223
S52V.79,2026-02-21,5659 TERESA TER,The Village of St. Catherine,649000,248968,223
S53V.31,2026-02-21,440 GILSON LOOP,The Village of St. Catherine,329900,248700,223
S53V.58,2026-02-21,535 GILSON LOOP,The Village of St. Catherine,328500,248538,223
S53V.65,2026-02-21,485 GILSON LOOP,The Village of St. Catherine,370000,249155,223
S55V.47,2026-02-21,598 GOUGH PL,The Village of St. Catherine,574000,247616,223
S56V.56,2026-02-21,5854 ROUDELL WAY,The Village of St. Catherine,620000,249230,223
S62V.23,2026-02-21,5747 KATHLEEN LN,The Village of St. Catherine,399900,248902,223
S64V.13,2026-02-21,5761 GILLESPIE LN,The Village of St. Catherine,315000,249267,223
S65V.48,2026-02-21,5937 WALTERS CT,The Village of St. Catherine,525000,248856,223
S99V.11,2026-02-21,4905 OKAHUMPKA RUN,The Village of St. Johns,899000,247592,223
S99V.40,2026-02-21,4769 OKAHUMPKA RUN,The Village of St. Johns,1399900,249206,223
S99V.66,2026-02-21,2448 YOUNGMANN LOOP,The Village of St. Johns,395000,248487,223
S99V.119,2026-02-21,2455 YOUNGMANN LOOP,The Village of St. Johns,365000,248706,223
S95V.34,2026-02-21,5448 BOAZ AVE,The Village of St. Johns,309900,248905,223
S97V.4,2026-02-21,1943 FRASER CT,The Village of St. Johns,824800,249208,223
S97V.16,2026-02-21,1997 FRASER CT,The Village of St. Johns,589995,247376,223
S98V.10,2026-02-21,4964 OKAHUMPKA RUN,The Village of St. Johns,899900,249319,223
S98V.94,2026-02-21,2202 LANDREA LOOP,The Village of St. Johns,439900,249073,223
S100V.16,2026-02-21,4842 NOREEN CT,The Village of St. Johns,294000,248354,223
S100V.44,2026-02-21,4861 NOREEN CT,The Village of St. Johns,329000,247290,223
S101V.10,2026-02-21,2400 RICH TER,The Village of St. Johns,297000,247865,223
S104V.12,2026-02-21,4370 STONY RUN,The Village of Richmond,1950000,247469,223
S105V.18,2026-02-21,4516 SHOCKOE CIR,The Village of Richmond,678000,246983,223
S105V.69,2026-02-21,2783 RANDOLPH LOOP,The Village of Richmond,1590000,248966,223
S105V.103,2026-02-21,4597 SHOCKOE CIR,The Village of Richmond,649900,248441,223
S105V.132,2026-02-21,4503 SHOCKOE CIR,The Village of Richmond,424900,248467,223
S110V.47,2026-02-21,2764 CHIMBORAZO WAY,The Village of Richmond,975000,248132,223
S110V.77,2026-02-21,2900 CHIMBORAZO WAY,The Village of Richmond,1074900,249364,223
S110V.96,2026-02-21,2915 CHIMBORAZO WAY,The Village of Richmond,410000,247954,223
S110V.106,2026-02-21,2892 OSBORNE ST,The Village of Richmond,434900,248963,223
S112V.14,2026-02-21,2816 NAVY HILL CIR,The Village of Richmond,419900,249253,223
S112V.70,2026-02-21,2781 NAVY HILL CIR,The Village of Richmond,409900,246680,223
S112V.91,2026-02-21,2848 CARYTOWN LOOP,The Village of Richmond,515000,248210,223
S115V.56,2026-02-21,2610 QUELLY RD,The Village of Richmond,599950,249117,223
S115V.57,2026-02-21,4207 WIDMANN PL,The Village of Richmond,624000,248773,223
S106V.2,2026-02-21,4314 CAMEO CIR,The Village of Richmond,419900,249305,223
S106V.16,2026-02-21,4438 CAMEO CIR,The Village of Richmond,409900,249272,223
S106V.23,2026-02-21,4307 CAMEO CIR,The Village of Richmond,445500,249310,223
S109V.14,2026-02-21,4249 MCCLOY AVE,The Village of Richmond,644900,248901,223
S114V.33,2026-02-21,3944 KANAWHA PL,The Village of Richmond,319000,248610,223
S114V.77,2026-02-21,3939 KANAWHA PL,The Village of Richmond,329900,248440,223
S113V.11,2026-02-21,3116 MONUMENT WAY,The Village of Richmond,479900,248430,223
S113V.27,2026-02-21,3135 FOUSHEE LOOP,The Village of Richmond,562900,249141,223
S142V.2,2026-02-21,4136 BOATWRIGHT AVE,The Village of Richmond,989000,248577,223
S142V.5,2026-02-21,4116 BOATWRIGHT AVE,The Village of Richmond,899000,248381,223
L41V.68,2026-02-21,6366 BRIDGET AVE,The Village of Newell,615000,248502,223
L44V.21,2026-02-21,1829 VANBECK CIR,The Village of Newell,1399000,248614,223
L44V.26,2026-02-21,1799 VANBECK CIR,The Village of Newell,1180000,248427,223
L44V.70,2026-02-21,1860 SEYLER ST,The Village of Newell,540000,248796,223
L44V.124,2026-02-21,6609 HOLOVAK TER,The Village of Newell,499000,248412,223
L48V.108,2026-02-21,1655 TANYA TER,The Village of Newell,579000,248847,223
L49V.15,2026-02-21,6559 WETTSTEIN WAY,The Village of Newell,610000,248129,223
L49V.22,2026-02-21,6584 WETTSTEIN WAY,The Village of Newell,584500,248787,223
L49V.24,2026-02-21,6574 WETTSTEIN WAY,The Village of Newell,769999,248451,223
L49V.59,2026-02-21,6428 MCKNIGHT LOOP,The Village of Newell,1150000,248971,223
L49V.77,2026-02-21,6441 RALPH RD,The Village of Newell,595000,247513,223
L49V.106,2026-02-21,2073 POSPISIL AVE,The Village of Newell,549000,249050,223
L49V.108,2026-02-21,2059 POSPISIL AVE,The Village of Newell,499850,248897,223
L51V.66,2026-02-21,6763 NEWELL LOOP,The Village of Newell,1088000,247778,223
L51V.69,2026-02-21,6777 NEWELL LOOP,The Village of Newell,1048999,248569,223
L51V.89,2026-02-21,6714 NEWELL LOOP,The Village of Newell,460000,249041,223
L51V.100,2026-02-21,6584 NEWELL LOOP,The Village of Newell,439900,248632,223
L42V.10,2026-02-21,6488 PETER LN,The Village of Newell,264900,248605,223
L42V.36,2026-02-21,1918 HUX CT,The Village of Newell,279000,248653,223
L45V.14,2026-02-21,6580 GUNNER TER,The Village of Newell,409000,249236,223
L45V.40,2026-02-21,6576 MERRILL LN,The Village of Newell,445000,248318,223
L47V.31,2026-02-21,1675 MCTUVEOUS CT,The Village of Newell,585900,248302,223
L50V.18,2026-02-21,2010 BOOTH PL,The Village of Newell,445000,248278,223
L50V.37,2026-02-21,6504 GAVANNI ST,The Village of Newell,419999,247896,223
L50V.39,2026-02-21,6523 FAHS LOOP,The Village of Newell,474000,247514,223
L53V.18,2026-02-21,6767 MARY LOOP,The Village of Newell,365000,247657,223
L53V.27,2026-02-21,6688 MARY LOOP,The Village of Newell,375600,249187,223
L54V.23,2026-02-21,1927 GINA PL,The Village of Newell,269900,249058,223
L54V.32,2026-02-21,1946 DONNA AVE,The Village of Newell,324500,248768,223
L54V.62,2026-02-21,6736 SADIE AVE,The Village of Newell,289900,248109,223
L55V.9,2026-02-21,6803 MICKYLEE RUN,The Village of Newell,599999,248859,223
L55V.12,2026-02-21,6829 MICKYLEE RUN,The Village of Newell,639900,248497,223
L55V.54,2026-02-21,6772 MICKYLEE RUN,The Village of Newell,425000,248736,223
L56V.58,2026-02-21,6953 MINCHEW CIR,The Village of Lake Denham,525000,249145,223
L56V.61,2026-02-21,6967 MINCHEW CIR,The Village of Lake Denham,484900,247922,223
L56V.112,2026-02-21,6900 MINCHEW CIR,The Village of Lake Denham,499000,249046,223
L60V.8,2026-02-21,6986 DWIGHT DR,The Village of Lake Denham,399900,248857,223
L60V.80,2026-02-21,1584 ROWELL ST,The Village of Lake Denham,499824,248771,223
L60V.104,2026-02-21,6995 DWIGHT DR,The Village of Lake Denham,725000,248206,223
L60V.115,2026-02-21,1557 PEAKMAN RD,The Village of Lake Denham,515000,248981,223
L60V.132,2026-02-21,1522 ORTWEIN LOOP,The Village of Lake Denham,465000,249044,223
L63V.5,2026-02-21,1495 GUILLERMINA LOOP,The Village of Lake Denham,399000,249263,223
L63V.17,2026-02-21,1431 GUILLERMINA LOOP,The Village of Lake Denham,520800,247759,223
L63V.36,2026-02-21,1443 JEREMY CIR,The Village of Lake Denham,359000,247350,223
L65V.5,2026-02-21,7084 EMILINE TER,The Village of Lake Denham,798000,248692,223
L65V.12,2026-02-21,7030 EMILINE TER,The Village of Lake Denham,899000,249076,223
L65V.110,2026-02-21,7035 LAWRENCEVILLE WAY,The Village of Lake Denham,599800,248765,223
L65V.115,2026-02-21,6964 SUGAR CREEK PATH,The Village of Lake Denham,509250,248311,223
L65V.161,2026-02-21,7050 SUGAR CREEK PATH,The Village of Lake Denham,589999,248810,223
L66V.7,2026-02-21,1257 ELKINGTON RD,The Village of Lake Denham,749000,249000,223
L66V.15,2026-02-21,1195 ELKINGTON RD,The Village of Lake Denham,569000,248394,223
L66V.46,2026-02-21,7083 TUCSON TRL,The Village of Lake Denham,1199000,248370,223
L66V.71,2026-02-21,1174 HANS LN,The Village of Lake Denham,369985,248169,223
L66V.98,2026-02-21,1188 ELKINGTON RD,The Village of Lake Denham,450000,248214,223
L66V.100,2026-02-21,1176 ELKINGTON RD,The Village of Lake Denham,559900,248439,223
L66V.108,2026-02-21,1185 HANS LN,The Village of Lake Denham,464500,248548,223
L68V.2,2026-02-21,1054 JOETTE PL,The Village of Lake Denham,384500,247941,223
L68V.17,2026-02-21,1124 JOETTE PL,The Village of Lake Denham,749000,249181,223
L72V.43,2026-02-21,965 EUGENE TER,The Village of Lake Denham,435000,249125,223
L58V.25,2026-02-21,1639 ECHOLS CT,The Village of Lake Denham,279000,248572,223
L59V.8,2026-02-21,1690 WILL LN,The Village of Lake Denham,465000,247406,223
L59V.19,2026-02-21,6986 ELAINE CT,The Village of Lake Denham,345000,248712,223
L61V.19,2026-02-21,1636 TIA TER,The Village of Lake Denham,399500,247875,223
L61V.20,2026-02-21,1632 TIA TER,The Village of Lake Denham,425000,248315,223
L62V.36,2026-02-21,7203 FAY CT,The Village of Lake Denham,237711,249251,223
L64V.30,2026-02-21,1386 KENNETH ST,The Village of Lake Denham,497386,248257,223
L64V.53,2026-02-21,7239 ANGEL AVE,The Village of Lake Denham,492550,248550,223
L64V.55,2026-02-21,7251 ANGEL AVE,The Village of Lake Denham,369000,247187,223
L64V.69,2026-02-21,7241 JEREMIAH TER,The Village of Lake Denham,569900,248679,223
L67V.2,2026-02-21,1186 LACHAPELLE LN,The Village of Lake Denham,314500,249160,223
L67V.43,2026-02-21,1195 LACHAPELLE LN,The Village of Lake Denham,279555,249259,223
L70V.8,2026-02-21,1108 WALSH LN,The Village of Lake Denham,424900,249180,223
L70V.22,2026-02-21,7275 TRUDY TER,The Village of Lake Denham,599000,247890,223
L70V.46,2026-02-21,1071 WALSH LN,The Village of Lake Denham,459000,247820,223
L70V.47,2026-02-21,1077 WALSH LN,The Village of Lake Denham,399000,248778,223
L71V.2,2026-02-21,1009 GORMSEN CT,The Village of Lake Denham,289900,249173,223
L71V.14,2026-02-21,1032 WELLMAN WAY,The Village of Lake Denham,279900,249159,223
L71V.18,2026-02-21,1012 WELLMAN WAY,The Village of Lake Denham,275000,248140,223
L71V.19,2026-02-21,1008 WELLMAN WAY,The Village of Lake Denham,274900,249074,223
L73V.10,2026-02-21,865 DONELIN CIR,The Village of Dabney,825000,249378,223
L73V.23,2026-02-21,7275 TRUNDLE TER,The Village of Dabney,1249900,247997,223
L73V.41,2026-02-21,807 SAGE ST,The Village of Dabney,419900,248216,223
L73V.76,2026-02-21,828 DONELIN CIR,The Village of Dabney,799900,248357,223
L78V.1,2026-02-21,703 ROSEMONT LOOP,The Village of Dabney,419000,245662,223
L78V.17,2026-02-21,755 CHERRY CREEK WAY,The Village of Dabney,425000,248513,223
L78V.51,2026-02-21,590 CHERRY CREEK WAY,The Village of Dabney,499999,248041,223
L78V.118,2026-02-21,605 CHERRY CREEK WAY,The Village of Dabney,349621,249010,223
L81V.10,2026-02-21,703 LAKE CREEK CIR,The Village of Dabney,589900,249292,223
L81V.19,2026-02-21,653 LAKE CREEK CIR,The Village of Dabney,675000,248814,223
L81V.82,2026-02-21,560 LAKE CREEK CIR,The Village of Dabney,414700,247512,223
L84V.33,2026-02-21,716 SHIVERS LOOP,The Village of Dabney,1275000,248039,223
L84V.37,2026-02-21,748 SHIVERS LOOP,The Village of Dabney,1589000,248752,223
L84V.51,2026-02-21,591 FLEMINGTON PATH,The Village of Dabney,1999800,248816,223
L84V.52,2026-02-21,585 FLEMINGTON PATH,The Village of Dabney,1185000,248558,223
L84V.71,2026-02-21,390 BEDMINSTER WAY,The Village of Dabney,1289000,249185,223
L79V.3,2026-02-21,7515 ALYSHA AVE,The Village of Dabney,534900,249271,223
L79V.8,2026-02-21,7535 ALYSHA AVE,The Village of Dabney,400000,248891,223
L79V.50,2026-02-21,7583 ALYSHA AVE,The Village of Dabney,374000,248002,223
L80V.5,2026-02-21,7541 KUENHER CT,The Village of Dabney,278850,248925,223
L80V.20,2026-02-21,680 JOSEPH WAY,The Village of Dabney,289900,248937,223
L82V.48,2026-02-21,494 VAN DEEN PL,The Village of Dabney,397000,247637,223
L82V.51,2026-02-21,506 VAN DEEN PL,The Village of Dabney,349000,247571,223
L83V.2,2026-02-21,503 VERLANDER ST,The Village of Dabney,539900,248024,223
L83V.15,2026-02-21,7539 HAGEMEYER PL,The Village of Dabney,399000,248326,223
L83V.35,2026-02-21,510 VERLANDER ST,The Village of Dabney,558500,248171,223
L77V.35,2026-02-21,7560 FAR HILLS LOOP,The Village of Dabney,475000,247834,223
L75V.25,2026-02-21,873 CONROE ST,The Village of Dabney,310000,249128,223
L75V.37,2026-02-21,821 CONROE ST,The Village of Dabney,299000,248853,223
L75V.66,2026-02-21,850 CONROE ST,The Village of Dabney,265500,248756,223
L75V.71,2026-02-21,828 CONROE ST,The Village of Dabney,294989,248867,223
S202V.7,2026-02-21,7961 KATIE KEITH LOOP,The Village of Moultrie Creek,1195000,249038,223
S202V.16,2026-02-21,7911 KATIE KEITH LOOP,The Village of Moultrie Creek,1199000,248895,223
S207V.11,2026-02-21,1651 WOELKERS CIR,The Village of Moultrie Creek,775000,248913,223
S210V.12,2026-02-21,1993 MCMURTRIE LOOP,The Village of Moultrie Creek,929000,247264,223
S210V.27,2026-02-21,1917 MCMURTRIE LOOP,The Village of Moultrie Creek,749800,248546,223
S210V.51,2026-02-21,7581 SUNDERMAN AVE,The Village of Moultrie Creek,475000,248536,223
S210V.52,2026-02-21,7593 SUNDERMAN AVE,The Village of Moultrie Creek,684900,249008,223
S210V.75,2026-02-21,1896 MCMURTRIE LOOP,The Village of Moultrie Creek,419900,247478,223
S210V.79,2026-02-21,7547 JARED TER,The Village of Moultrie Creek,459000,248722,223
S210V.108,2026-02-21,7582 JARED TER,The Village of Moultrie Creek,359000,247649,223
S210V.124,2026-02-21,1954 MCMURTRIE LOOP,The Village of Moultrie Creek,469900,248385,223
S211V.8,2026-02-21,1832 WALMER LN,The Village of Moultrie Creek,372000,248933,223
S211V.32,2026-02-21,1830 REECE PATTERSON DR,The Village of Moultrie Creek,300000,248347,223
S211V.34,2026-02-21,1842 REECE PATTERSON DR,The Village of Moultrie Creek,449000,248729,223
S211V.35,2026-02-21,1848 REECE PATTERSON DR,The Village of Moultrie Creek,349000,249033,223
S215V.24,2026-02-21,1745 MCMURTRIE LOOP,The Village of Moultrie Creek,539000,248466,223
S215V.47,2026-02-21,1708 MCMURTRIE LOOP,The Village of Moultrie Creek,507000,249217,223
S215V.49,2026-02-21,1714 MCMURTRIE LOOP,The Village of Moultrie Creek,425000,248433,223
S215V.58,2026-02-21,1762 MCMURTRIE LOOP,The Village of Moultrie Creek,379000,247352,223
S217V.10,2026-02-21,1742 JAMES GRAY ST,The Village of Moultrie Creek,409900,248747,223
S217V.11,2026-02-21,1738 JAMES GRAY ST,The Village of Moultrie Creek,385000,248684,223
S217V.31,2026-02-21,1650 MCMURTRIE LOOP,The Village of Moultrie Creek,549900,248668,223
S217V.49,2026-02-21,1788 JOHN BLAKE LN,The Village of Moultrie Creek,378888,248769,223
S217V.63,2026-02-21,1727 JAMES GRAY ST,The Village of Moultrie Creek,369900,247644,223
S203V.13,2026-02-21,7731 GRIFFIN LN,The Village of Moultrie Creek,589000,249224,223
S206V.5,2026-02-21,7734 BRIAN ETHEREDGE WAY,The Village of Moultrie Creek,814900,247070,223
S206V.19,2026-02-21,1788 CRANE DORAN PL,The Village of Moultrie Creek,1200000,249138,223
S214V.8,2026-02-21,7474 BOYSO TER,The Village of Moultrie Creek,335000,249282,223
S214V.38,2026-02-21,1758 HUGAR PL,The Village of Moultrie Creek,283900,249047,223
S213V.28,2026-02-21,1661 CADORETTE DR,The Village of Moultrie Creek,579000,247929,223
S213V.31,2026-02-21,1649 CADORETTE DR,The Village of Moultrie Creek,559000,247924,223
S213V.64,2026-02-21,1674 CADORETTE DR,The Village of Moultrie Creek,459500,247629,223
S209V.20,2026-02-21,2034 LAURA LOOP,The Village of Moultrie Creek,870000,248922,223
S212V.34,2026-02-21,1829 TIMON ST,The Village of Moultrie Creek,319000,248836,223
S1M.52,2026-02-21,7356 DANFORD PL,Middleton - Family Neighborhood,469000,249296,223
S1M.74,2026-02-21,2565 PADGETT PL,Middleton - Family Neighborhood,328000,247804,223
S1M.99,2026-02-21,7517 CHASTAIN CIR,Middleton - Family Neighborhood,404900,248310,223
S1M.125,2026-02-21,7641 BARONE TER,Middleton - Family Neighborhood,585000,249177,223
S1M.132,2026-02-21,7569 DINAPOLI CT,Middleton - Family Neighborhood,534000,248331,223
S1M.180,2026-02-21,7592 CHASTAIN CIR,Middleton - Family Neighborhood,319989,249256,223
S1M.182,2026-02-21,7602 CHASTAIN CIR,Middleton - Family Neighborhood,379900,248865,223
S1M.191,2026-02-21,2622 RUTER WAY,Middleton - Family Neighborhood,445000,248272,223
S1M.228,2026-02-21,2571 SKOBLICKI ST,Middleton - Family Neighborhood,410007,247700,223
S1M.240,2026-02-21,7506 CHASTAIN CIR,Middleton - Family Neighborhood,345000,248877,223
S1M.247,2026-02-21,7588 BOGART PL,Middleton - Family Neighborhood,459000,249299,223
S2M.12,2026-02-21,2683 CLEVELAND PL,Middleton - Family Neighborhood,649900,247707,223
S2M.21,2026-02-21,2627 CLEVELAND PL,Middleton - Family Neighborhood,715000,248851,223
S2M.42,2026-02-21,2465 ALDER AVE,Middleton - Family Neighborhood,449900,248478,223
S2M.263,2026-02-21,2744 CLEVELAND PL,Middleton - Family Neighborhood,468900,247534,223
S3M.47,2026-02-21,7825 BYERS ST,Middleton - Family Neighborhood,570000,247076,223
S4M.35,2026-02-21,7325 CATINAZZO CT,Middleton - Family Neighborhood,278900,248719,223
S4M.53,2026-02-21,7333 CUNNINGHAM PATH,Middleton - Family Neighborhood,420000,248512,223
S4M.238,2026-02-21,7383 JELANI WAY,Middleton - Family Neighborhood,364999,248422,223
S5M.284,2026-02-21,2210 MANSELL PATH,Middleton - Family Neighborhood,209000,249132,223
S181V.36,2026-02-21,1622 AIDEN AVE,The Village of Oak Hollow,297927,249109,223
S189V.22,2026-02-21,1823 ANNIE AVE,The Village of Oak Hollow,366702,249170,223
S219V.54,2026-02-21,7639 CHRIS CORLEY LOOP,The Village of Shady Brook,499000,248222,223
S219V.76,2026-02-21,1387 COWART CIR,The Village of Shady Brook,775000,248496,223
S219V.132,2026-02-21,7649 KELLEY MARGARET PL,The Village of Shady Brook,510000,249361,223
S219V.175,2026-02-21,1464 COWART CIR,The Village of Shady Brook,510000,248530,223
S221V.42,2026-02-21,7658 RUTHERFORD LN,The Village of Shady Brook,329711,249085,223
S222V.46,2026-02-21,7977 CARMEN RENE WAY,The Village of Shady Brook,1100000,248482,223
S222V.76,2026-02-21,1535 ANDREW MACHOL CT,The Village of Shady Brook,547300,248308,223
S222V.80,2026-02-21,1561 ANDREW MACHOL CT,The Village of Shady Brook,449800,249313,223
S225V.33,2026-02-21,7874 GOLDBERGER LN,The Village of Shady Brook,612000,249258,223
S225V.44,2026-02-21,1694 AMIDEI PATH,The Village of Shady Brook,899629,248565,223
S226V.33,2026-02-21,7945 CARMEN RENE WAY,The Village of Shady Brook,1150000,249087,223
S227V.44,2026-02-21,1635 KAREN PERKINS ST,The Village of Shady Brook,525000,248797,223
S227V.78,2026-02-21,7491 FRANK DIPIETRO DR,The Village of Shady Brook,399000,249169,223
S229V.30,2026-02-21,1416 TOM LN,The Village of Shady Brook,340000,248713,223
S229V.37,2026-02-21,7613 DANIEL HEARNS WAY,The Village of Shady Brook,349000,248071,223
S229V.63,2026-02-21,7617 BOONE AVE,The Village of Shady Brook,529000,249269,223
S230V.27,2026-02-21,1414 HEARNS LOOP,The Village of Shady Brook,649000,249123,223
S220V.15,2026-02-21,7653 ROTTERMOND WAY,The Village of Shady Brook,329811,249137,223
S220V.48,2026-02-21,1553 FERRY PL,The Village of Shady Brook,330000,249318,223
S228V.6,2026-02-21,1363 DARREN DR,The Village of Shady Brook,539900,248643,223
S228V.31,2026-02-21,7662 MAPP PL,The Village of Shady Brook,519900,249051,223
S218V.19,2026-02-21,1444 MESSER AVE,The Village of Shady Brook,549900,248638,223
S218V.32,2026-02-21,7726 SYDNEY CT,The Village of Shady Brook,524000,247367,223
S237V.43,2026-02-21,7415 SHAWN SCOTT RUN,The Village of Waters Edge,579900,249006,223
S237V.50,2026-02-21,7447 SHAWN SCOTT RUN,The Village of Waters Edge,439000,249078,223
S237V.52,2026-02-21,7455 SHAWN SCOTT RUN,The Village of Waters Edge,412500,248656,223
S248V.18,2026-02-21,1175 MAYR PL,The Village of Waters Edge,427711,248616,223
S248V.19,2026-02-21,1171 MAYR PL,The Village of Waters Edge,375000,248759,223
S248V.33,2026-02-21,1168 JELLO DR,The Village of Waters Edge,499711,249244,223
S234V.12,2026-02-21,1241 SHAYLA TER,The Village of Waters Edge,319500,248650,223
S234V.18,2026-02-21,7473 HEGLER ST,The Village of Waters Edge,289000,248153,223
S233V.18,2026-02-21,1308 NATE AVE,The Village of Waters Edge,359621,249080,223
S249V.53,2026-02-21,7195 JOSH DR,The Village of Waters Edge,695000,249055,223
S246V.20,2026-02-21,1192 LOGGINS LN,The Village of Waters Edge,599950,248839,223
S244V.5,2026-02-21,1400 LUELLEN PATH,The Village of Waters Edge,1199000,248322,223
S244V.32,2026-02-21,1391 CROCKTON PL,The Village of Waters Edge,889800,248987,223
S244V.42,2026-02-21,7330 ERNEST AVE,The Village of Waters Edge,559000,249291,223
S144V.12,2026-02-21,1886 YELLAND WAY,The Village of Well Point,587000,247913,223
S144V.15,2026-02-21,6260 HANNAN LOOP,The Village of Well Point,949000,247798,223
S144V.27,2026-02-21,6131 HANNAN LOOP,The Village of Well Point,909000,248813,223
S144V.80,2026-02-21,6166 HANNAN LOOP,The Village of Well Point,413900,247981,223
S146V.100,2026-02-21,1872 LYNN KEANE LOOP,The Village of Well Point,574900,248893,223
S149V.46,2026-02-21,1587 NORTHCOTT LOOP,The Village of Well Point,649000,248391,223
S183V.53,2026-02-21,2010 SANTINO AVE,The Village of Well Point,449999,249210,223
S151V.14,2026-02-21,1497 SOPHIE ST,The Village of Well Point,1148000,247450,223
S150V.34,2026-02-21,1576 GOOD PL,The Village of Well Point,397500,249100,223
M232.66,2026-02-22,16836 SE 91ST PHILLIPS CT,The Village of Woodbury,435000,249389,222
S232.31,2026-02-22,2571 MCLIN LN,The Village of Collier,1300000,249384,222
S226V.52,2026-02-22,1538 KAREN GARNER PL,The Village of Shady Brook,594000,249178,222
S245V.11,2026-02-22,7224 WILKINS RUN,The Village of Waters Edge,1200000,248828,222
S4.100,2026-02-23,307 SANTA CLARA CIR,The Village Rio Ponderosa,324900,249373,221
S717.58,2026-02-23,2301 SWANSEA TER,The Village of Bonita,399000,249377,221
S32.40,2026-02-23,2809 LARRANAGA DR,The Village of Harmeswood,1999900,249048,221
S47V.33,2026-02-23,980 MAYNARD PATH,The Village of Bradford,1350000,249056,221
L76V.1,2026-02-23,736 RIVER OAKS CIR,The Village of Dabney,459900,249393,221
S219V.72,2026-02-23,1405 COWART CIR,The Village of Shady Brook,729000,249385,221
S601.85,2026-02-24,2616 BOTELLO AVE,The Village Alhambra,200000,247141,220
S40.20,2026-02-24,1588 NORFOLK AVE,The Village of Belle Aire,824900,249395,220
S4.44,2026-02-24,250 JUAREZ WAY,The Village Rio Ponderosa,276000,249398,220
S100.83,2026-02-24,1767 HAGOOD LOOP,The Village of Poinciana,399000,249402,220
S703.41,2026-02-24,2364 TRAVIS PL,The Village of Duval,299000,249306,220
S160.34,2026-02-24,2409 BACHMAN PATH,The Village of Tamarind Grove,449500,249399,220
S951.71,2026-02-24,2457 UPTON ST,The Village of Pinellas,295000,248698,220
S955.58,2026-02-24,2578 ALCADE PL,The Village of Collier,359000,249338,220
S42V.38,2026-02-24,5937 BALDESCHWIELER WAY,The Village of Monarch Grove,559000,248957,220
S71V.116,2026-02-24,6390 DANIELSON LOOP,The Village of Citrus Grove,525000,249337,220
L79V.26,2026-02-24,7588 ALYSHA AVE,The Village of Dabney,424999,249339,220
S207V.65,2026-02-24,1634 WOELKERS CIR,The Village of Moultrie Creek,439621,249362,220
S657.2,2026-02-25,986 COTTAGE DR,The Village of Lake Sumter Landing,1200000,249252,219
S711.26,2026-02-25,2459 ADRIANA WAY,The Village of Hemingway,319900,249289,219
S815.35,2026-02-25,2232 AGNEW TER,The Village of St. Charles,279900,249349,219
S826.84,2026-02-25,2373 FLATWOOD ST,The Village of Tamarind Grove,359900,249420,219
S232.128,2026-02-25,3459 WENTROP AVE,The Village of Collier,895000,249401,219
S833.407,2026-02-25,3520 THORNE PATH,Oxford Oaks - Family Neighborhood,324900,249421,219
S622.19,2026-02-25,2402 HILL ST,The Village of DeSoto,409900,249391,219
S134V.23,2026-02-25,4126 NADIRA CT,The Village of DeLuna,479000,249317,219
S13F.33,2026-02-25,3653 ADAMSVILLE AVE,The Village of Hammock at Fenney,540000,249413,219
L41V.69,2026-02-25,6358 BRIDGET AVE,The Village of Newell,584800,249407,219
S31.139,2026-02-26,1703 GOMEZ PL,The Village Alhambra,375000,249383,218
L22.6066,2026-02-26,918 VENTURA DR,The Village La Reynalda,369500,249396,218
L6.732,2026-02-26,551 JASON DR,The Village of Silver Lake,175000,249397,218
S116.116,2026-02-26,407 TIMMONSVILLE WAY,The Village of Mallory Square,689900,249438,218
S131.156,2026-02-26,2099 KERWOOD LOOP,The Village of Amelia,342700,249435,218
S716.61,2026-02-26,2290 NEHAUL TER,The Village of Hadley,475000,249371,218
S969.43,2026-02-26,2887 CHARLEVOIX ST,The Village of Collier at Alden Bungalows,555555,249434,218
S186.119,2026-02-26,493 JUNCTION PL,The Village of Labelle,369000,249422,218
S725.11,2026-02-26,2474 LEWIS LN,The Village of Marsh Bend,298000,249414,218
S741.24,2026-02-26,4932 MACINTYRE LN,The Village of Chitty Chatty,409999,249341,218
S90V.17,2026-02-26,1398 TURNER TER,The Village of Hawkins,389000,249412,218
S75V.63,2026-02-26,5913 KENNARD CT,The Village of Cason Hammock,579000,249290,218
S109V.41,2026-02-26,4243 MALVERN CT,The Village of Richmond,495000,249213,218
S211V.11,2026-02-26,1852 WALMER LN,The Village of Moultrie Creek,346789,249388,218
S1M.101,2026-02-26,7527 CHASTAIN CIR,Middleton - Family Neighborhood,369000,249430,218
S1M.130,2026-02-26,7579 DINAPOLI CT,Middleton - Family Neighborhood,585000,248908,218
S218V.22,2026-02-26,1456 MESSER AVE,The Village of Shady Brook,559000,249351,218
S844.17,2026-02-27,1239 CADIZ TER,The Village Hacienda,819900,249392,217
S604.31,2026-02-27,1411 MONTEZ LOOP,The Village Santo Domingo,389000,249366,217
S134.77,2026-02-27,2542 FLINTSHIRE AVE,The Village of Hadley,509000,249353,217
S221.110,2026-02-27,3781 INFINITY RUN,The Village of Hillsborough,329900,249426,217
S833.459,2026-02-27,3309 DZURO DR,Oxford Oaks - Family Neighborhood,299000,249445,217
L26.156,2026-02-27,3104 BLACKSTOCK WAY,The Village of Pine Ridge,389900,248780,217
S10F.7,2026-02-27,3031 HICKS PL,The Village of Fenney,695000,249406,217
S40V.5,2026-02-27,1945 ZIENTARA LOOP,The Village of Monarch Grove,935000,249321,217
S42V.30,2026-02-27,5848 FLINT LOOP,The Village of Monarch Grove,995000,249436,217
S126V.42,2026-02-27,4673 MONICA ST,The Village of DeLuna,419900,249410,217
S75V.15,2026-02-27,837 HUBBARD LOOP,The Village of Cason Hammock,1729000,249440,217
S104V.6,2026-02-27,4410 STONY RUN,The Village of Richmond,1100000,249458,217
S106V.5,2026-02-27,4332 CAMEO CIR,The Village of Richmond,429900,249405,217
L65V.31,2026-02-27,6959 SUGAR CREEK PATH,The Village of Lake Denham,989000,249408,217
L84V.34,2026-02-27,724 SHIVERS LOOP,The Village of Dabney,1325000,249356,217
S214V.14,2026-02-27,1713 BATTERBEE DR,The Village of Moultrie Creek,329900,249447,217
S2M.145,2026-02-27,2740 ALDER AVE,Middleton - Family Neighborhood,449000,249441,217
S601.37,2026-02-28,1615 NAVIDAD ST,The Village Alhambra,269900,249423,216
S634.108,2026-02-28,2969 FAIR OAK TER,The Village of Belle Aire,342000,249464,216
S30.185,2026-02-28,2714 LA POSADA DR,The Village Santiago,275000,249346,216
S92.95,2026-02-28,1673 HARTSVILLE TRL,The Village of Sunset Pointe,775000,249380,216
S161.20,2026-02-28,2307 BACHMAN PATH,The Village of Buttonwood,879900,249466,216
S175.170,2026-02-28,632 WELLESLY PL,The Village of Sanibel,539000,249330,216
S176.95,2026-02-28,2916 BRADDY CT,The Village of Sanibel,549900,249381,216
S963.50,2026-02-28,2156 ANTILLES CT,The Village of Collier,489000,249465,216
S183.74,2026-02-28,366 RACCOON RD,The Village of Labelle,434850,249329,216
L30.51,2026-02-28,3258 IIAMS CT,The Village of Pine Hills,324900,249459,216
S11F.34,2026-02-28,5861 WOOD STORK WAY,The Village of Fenney,549000,249427,216
S41V.78,2026-02-28,1984 CARMALT LN,The Village of Monarch Grove,569000,249379,216
S137V.22,2026-02-28,3462 PIPER PL,The Village of DeLuna,536000,249462,216
S137V.30,2026-02-28,3498 PIPER PL,The Village of DeLuna,624500,249264,216
S44A.6,2026-02-28,4886 CHITTY CHATTY RUN,The Village of Chitty Chatty,1195000,249411,216
S92V.9,2026-02-28,1648 PUNTA RASSA LN,The Village of Hawkins,388000,249328,216
S112V.77,2026-02-28,2752 CARYTOWN LOOP,The Village of Richmond,619900,249454,216
L65V.34,2026-02-28,6975 SUGAR CREEK PATH,The Village of Lake Denham,859000,249467,216
M220.13,2026-03-01,16860 SE 94TH SUNNYBROOK CIR,The Village of Woodbury,270000,249455,215
S151.155,2026-03-01,1809 YANKEE CLIPPER RUN,The Village of St. James,529900,249473,215
S971.185,2026-03-01,624 ARRUDA TER,Haciendas of Mission Hills,524711,249394,215
S729.22,2026-03-01,4973 FORTUNA TER,The Village of Marsh Bend,535000,249432,215
S96.16,2026-03-02,1255 TRELLIS LN,The Village of Liberty Park,399900,249374,214
S966.15,2026-03-02,3818 E TORCH LAKE DR,The Village of Collier at Antrim Dells,949900,249457,214
L30.60,2026-03-02,3291 IIAMS CT,The Village of Pine Hills,539900,249456,214
S58V.65,2026-03-02,338 MORRISON PL,The Village of Citrus Grove,897500,249448,214
L66V.105,2026-03-02,7140 TUCSON TRL,The Village of Lake Denham,375000,249360,214
S222V.44,2026-03-02,7989 CARMEN RENE WAY,The Village of Shady Brook,1297000,248912,214
S82.57,2026-03-03,2118 KAYLEE DR,The Village of Ashland,532800,249114,213
S127.8,2026-03-03,1693 BANBERRY RUN,The Village of Amelia,349000,249311,213
S131.153,2026-03-03,2113 KERWOOD LOOP,The Village of Amelia,320000,249437,213
S141.72,2026-03-03,2345 HEATH SPRINGS DR,The Village of Bonita,440000,249347,213
S183.34,2026-03-03,3354 BOARDROOM TRL,The Village of Labelle,1100000,249242,213
M233.119,2026-03-03,7360 SE 168TH MITZI STREET,The Village of Chatham at Soulliere,352000,249472,213
S619.9,2026-03-03,2442 DOOLEY ST,The Village of DeSoto,599000,249174,213
S118V.24,2026-03-03,4322 BURGETT CT,The Village of DeLuna,565000,249439,213
S139V.16,2026-03-03,3848 STEPHANIE WAY,The Village of Hammock at Fenney,439000,249475,213
S48V.105,2026-03-03,5796 NICKSIC CT,The Village of St. Catherine,439000,249502,213
S112V.61,2026-03-03,2837 NAVY HILL CIR,The Village of Richmond,399900,249484,213
S218V.15,2026-03-03,7773 GOMPERS PL,The Village of Shady Brook,389000,249477,213
S30.137,2026-03-04,1419 ARREDONDO DR,The Village Santiago,365000,249429,212
L10.2055,2026-03-04,736 TURNBERRY LN,The Village of Silver Lake,179900,249363,212
M56.59,2026-03-04,17081 SE 80TH LOCUSTWOOD CT,The Village of Calumet Grove,449900,249481,212
S98.34,2026-03-04,1625 ABERCROMBIE WAY,The Village of Liberty Park,299000,249483,212
S127.233,2026-03-04,1789 LISETTE WAY,The Village of Amelia,385000,249463,212
S208.113,2026-03-04,1293 QUAIL CT,The Village of Fernandina,499500,249509,212
S946.47,2026-03-04,1974 VERANDA PL,The Village of Pinellas,425000,249482,212
S966.28,2026-03-04,3934 E TORCH LAKE DR,The Village of Collier at Antrim Dells,579000,249487,212
S186.26,2026-03-04,576 GRAPELAND ST,The Village of Labelle,424900,249002,212
S732.51,2026-03-04,1952 RIEGER RD,The Village of Linden,484900,248948,212
S47V.97,2026-03-04,5572 SHARPIN ST,The Village of Bradford,399000,249409,212
S74V.13,2026-03-04,5996 MULLIGAN RUN,The Village of Citrus Grove,1399000,249451,212
S13F.15,2026-03-04,3598 ADAMSVILLE AVE,The Village of Hammock at Fenney,998400,249476,212
S105V.27,2026-03-04,4474 SHOCKOE CIR,The Village of Richmond,675000,249485,212
L74V.37,2026-03-04,7356 CORNWALL WAY,The Village of Dabney,399900,247747,212
S215V.100,2026-03-04,7546 BECKY CT,The Village of Moultrie Creek,424900,249425,212
S226V.77,2026-03-04,7838 CARMEN RENE WAY,The Village of Shady Brook,775000,249449,212
S238V.62,2026-03-04,7415 NORMAN RUN,The Village of Shady Brook,1095000,249416,212
S239V.2,2026-03-04,1511 RIEVES DR,The Village of Shady Brook,349000,249415,212
S184V.36,2026-03-04,1937 PANLILIO LOOP,The Village of Well Point,498500,249369,212
M61.70,2026-03-05,17450 SE 74TH NETHERCLIFT TER,The Village of Chatham,329900,249494,211
M228.33,2026-03-05,8326 SE 167TH FORSYTH ST,The Village of Briar Meadow,415000,249486,211
S663.56,2026-03-05,1092 JACKSON ST,The Village of Virginia Trace,459000,249511,211
S142.75,2026-03-05,2516 BACKWATER WAY,The Village of Duval,699900,249480,211
S219.127,2026-03-05,1988 JODPHUR LN,The Village of Hillsborough,439000,249478,211
L36.55,2026-03-05,3237 TRUSSLER TER,The Village of Pine Ridge,378000,249014,211
S628.21,2026-03-05,5766 MARROT TER,The Village of Hammock at Fenney,545900,249417,211
L60V.105,2026-03-05,6991 DWIGHT DR,The Village of Lake Denham,1175000,249504,211
S206V.13,2026-03-05,7784 BRIAN ETHEREDGE WAY,The Village of Moultrie Creek,1095000,249500,211
S2M.304,2026-03-05,2733 GOSINE PL,Middleton - Family Neighborhood,212500,249016,211
S233V.16,2026-03-05,7541 HINDE PL,The Village of Waters Edge,299000,249367,211
S37.146,2026-03-06,1247 DEERFIELD LN,The Village of Glenbrook,595000,249460,210
S39.139,2026-03-06,3409 GALESBURG CT,The Village of Glenbrook,312000,249508,210
S2.276,2026-03-06,1412 MARTINEZ DR,The Village Rio Grande,322500,249519,210
S17.2,2026-03-06,219 CARRERA DR,The Village Tierra del Sol,685000,249194,210
M53.80,2026-03-06,17640 SE 86TH BRIARCLIFFE CT,The Village of Springdale,749000,249505,210
S93.119,2026-03-06,1578 LATTA CT,The Village of Sunset Pointe,359900,249404,210
S126.278,2026-03-06,509 LITTLE RIVER PATH,The Village of Mallory Square,369000,249526,210
S182.98,2026-03-06,3493 RABBIT RUN PATH,The Village of Charlotte,559000,249514,210
S19V.60,2026-03-06,5611 HEAD WAY,The Village of McClure,879900,249524,210
S128V.33,2026-03-06,4463 NOAH PL,The Village of DeLuna,419900,249506,210
S48V.60,2026-03-06,961 EBLING LOOP,The Village of St. Catherine,824900,249489,210
S215V.25,2026-03-06,1731 MCMURTRIE LOOP,The Village of Moultrie Creek,1499000,249387,210
S239V.15,2026-03-06,1528 STRAWBRIDGE ST,The Village of Shady Brook,283500,249499,210
L15.5032,2026-03-07,1214 SANTOS PL,The Village Del Mar,315000,248174,209
S34.217,2026-03-07,3080 BATALLY CT,The Village of Glenbrook,577000,249538,209
S86.3,2026-03-07,776 ALCOTT AVE,The Village of Lynnhaven,419850,249479,209
S651.21,2026-03-07,778 BLAKE LN,The Village of Lynnhaven,289000,249375,209
S135.214,2026-03-07,2554 FOXBRIDGE TER,The Village of Hadley,494500,249512,209
S217.40,2026-03-07,1602 SHALE TRAIL LOOP,The Village of Hillsborough,849800,249533,209
S733.29,2026-03-07,1965 CROMER PL,The Village of Linden,309000,249116,209
L48V.115,2026-03-07,1640 TANYA TER,The Village of Newell,354990,249469,209
L78V.71,2026-03-07,650 CHERRY CREEK WAY,The Village of Dabney,1174800,249535,209
S212V.58,2026-03-07,1870 TIMON ST,The Village of Moultrie Creek,284000,249488,209
S228V.17,2026-03-07,7665 CARY ST,The Village of Shady Brook,499975,249520,209
M66.129,2026-03-08,17718 SE 81ST WYNSTONE AVE,The Village of Piedmont,339900,249531,208
S108.49,2026-03-08,873 CHAPPELLS DR,The Village of Virginia Trace,485000,249546,208
S112.62,2026-03-08,1248 PAGELAND WAY,The Village of Caroline,399000,249442,208
S112.150,2026-03-08,327 JEFFERSON LN,The Village of Caroline,329500,249069,208
S134.13,2026-03-08,2405 DUNKIRK TRL,The Village of Hadley,434900,249536,208
S159.6,2026-03-08,2462 TAMARIND GROVE RUN,The Village of Tamarind Grove,549715,249515,208
L46V.52,2026-03-08,1743 PHIFER PL,The Village of Newell,285900,249023,208
S202V.42,2026-03-08,7974 KATIE KEITH LOOP,The Village of Moultrie Creek,584700,249557,208
M62.189,2026-03-09,17285 SE 73RD PARK GLEN CT,The Village of Chatham,379000,249552,207
S80.160,2026-03-09,620 JAMESTON AVE,The Village of Belvedere,419000,249561,207
S960.8,2026-03-09,1953 CARROTWOOD ST,The Village of Lake Deaton,329900,249496,207
S833.276,2026-03-09,11360 ZIMMERMAN PATH,Oxford Oaks - Family Neighborhood,650000,249555,207
S119V.11,2026-03-09,4539 WHITTINGTON CIR,The Village of DeLuna,399000,249566,207
S744.26,2026-03-09,4582 LAZDOWSKI WAY,The Village of Chitty Chatty,529900,249124,207
L70V.34,2026-03-09,1085 BRINER PL,The Village of Lake Denham,439999,249443,207
L10.2158,2026-03-10,1528 E SCHWARTZ BLVD,The Village of Country Club Hills,327500,249568,206
M226.26,2026-03-10,8217 SE 169TH PALOWNIA LOOP,The Village of Calumet Grove,255000,249528,206
M228.3,2026-03-10,16595 SE 85TH LANGHAM CT,The Village of Briar Meadow,435000,249541,206
S127.124,2026-03-10,261 CORBETT DR,The Village of Amelia,376000,249548,206
S135.203,2026-03-10,2492 FOXBRIDGE TER,The Village of Hadley,395000,249419,206
S946.44,2026-03-10,1981 VERANDA PL,The Village of Pinellas,395000,249540,206
S202.188,2026-03-10,3748 VALLEYBROOK WAY,The Village of Dunedin,549700,249453,206
S4F.37,2026-03-10,5616 SEA GRAPES WAY,The Village of Fenney,740000,249550,206
S57V.43,2026-03-10,6031 CONLEY CT,The Village of Citrus Grove,1195000,249553,206
S74V.109,2026-03-10,6131 SINGH LN,The Village of Citrus Grove,414000,249461,206
L56V.109,2026-03-10,6879 TINA ST,The Village of Lake Denham,375000,249522,206
L60V.6,2026-03-10,6996 DWIGHT DR,The Village of Lake Denham,825000,249530,206
L63V.56,2026-03-10,7155 NAMAN CT,The Village of Lake Denham,560000,249571,206
S207V.49,2026-03-10,7710 MERCADANTE AVE,The Village of Moultrie Creek,379000,249354,206
S2.66,2026-03-11,1305 PEDRO CT,The Village Rio Grande,288900,249491,205
S106.43,2026-03-11,1068 SAYLE ST,The Village of Virginia Trace,869700,249529,205
S148.76,2026-03-11,2333 CEDAR BAY LN,The Village of St. Charles,389000,249150,205
S217.128,2026-03-11,3557 AMISH PATH,The Village of Hillsborough,414900,249569,205
S741.16,2026-03-11,955 COUTURE ST,The Village of Chitty Chatty,549727,249581,205
S72V.45,2026-03-11,633 PAXTON CT,The Village of Citrus Grove,450000,249582,205
S220V.3,2026-03-11,1564 FERRY PL,The Village of Shady Brook,315000,249564,205
S695.58,2026-03-12,416 HILDALGO DR,The Village de La Vista,257711,249588,204
S695.60,2026-03-12,412 HILDALGO DR,The Village de La Vista,255000,248563,204
S695.97,2026-03-12,1724 SONORA ST,The Village de La Vista,309747,249433,204
S80.115,2026-03-12,654 EVELYNTON LOOP,The Village of Belvedere,379000,249560,204
S115.256,2026-03-12,598 MALLORY HILL DR,The Village of Mallory Square,515000,249547,204
S128.72,2026-03-12,585 INNER CIR,The Village of Amelia,849000,249468,204
S168.178,2026-03-12,1918 LAKE RIDGE DR,The Village of Pennecamp,1275555,249471,204
S170.1,2026-03-12,2433 BUTTONWOOD RUN,The Village of Buttonwood,879000,249370,204
S205.81,2026-03-12,3414 VANCEBORO CT,The Village of Fernandina,469000,249567,204
S833.424,2026-03-12,3292 DZURO DR,Oxford Oaks - Family Neighborhood,389000,249578,204
S621.43,2026-03-12,2467 ROGERS RD,The Village of DeSoto,399900,249594,204
S124V.50,2026-03-12,4552 SAMANTHA CT,The Village of DeLuna,525000,249573,204
S127V.8,2026-03-12,3349 CLARA CT,The Village of DeLuna,289500,249517,204
S60V.80,2026-03-12,1174 TERI TER,The Village of Bradford,439900,249513,204
L70V.24,2026-03-12,7263 TRUDY TER,The Village of Lake Denham,410000,249577,204
S2M.229,2026-03-12,2671 ALDER AVE,Middleton - Family Neighborhood,575000,249543,204
L8.1696,2026-03-13,815 ORCHID ST,The Village of Country Club Hills,151900,249228,203
L9.2444,2026-03-13,902 SAINT ANDREWS BLVD,The Village of Country Club Hills,199900,249608,203
S93.20,2026-03-13,1523 LAKEWOOD DR,The Village of Sunset Pointe,329000,249545,203
S146.55,2026-03-13,1698 SCOTCH PINE WAY,The Village of Duval,439000,249203,203
S161.80,2026-03-13,2235 DORST LN,The Village of Buttonwood,490000,249452,203
S10F.82,2026-03-13,2986 DIVER LOOP,The Village of Fenney,789900,249559,203
S619.35,2026-03-13,2429 NELLIE RD,The Village of DeSoto,334777,249507,203
S18V.13,2026-03-13,2100 BILLER CIR,The Village of McClure,1075000,249518,203
S39V.17,2026-03-13,1688 NATALINO RD,The Village of Monarch Grove,429000,249599,203
S30A.11,2026-03-13,4774 CORDER RUN,The Village of DeLuna,799000,249597,203
S100V.38,2026-03-13,4850 ANGELA AVE,The Village of St. Johns,299500,249570,203
S18V.39,2026-03-14,2182 BILLER CIR,The Village of McClure,359000,249617,202
S38V.18,2026-03-14,1591 SARAKINIS PATH,The Village of Monarch Grove,699621,249565,202
S739.15,2026-03-14,1796 SHAMP ST,The Village of Monarch Grove,299900,249593,202
S133V.121,2026-03-14,4084 AUGUST LOOP,The Village of DeLuna,534900,249591,202
S103V.16,2026-03-14,2548 DREW CIR,The Village of St. Johns,559000,249625,202
S96V.59,2026-03-14,5477 GUICE AVE,The Village of St. Johns,528500,249601,202
S3M.53,2026-03-14,7842 GERSHANECK CIR,Middleton - Family Neighborhood,637000,249624,202
S222V.108,2026-03-14,1558 NETHERTON LN,The Village of Shady Brook,430000,249586,202
S24.67,2026-03-15,2597 PRIVADA DR,The Village Alhambra,309555,249629,201
S146.261,2026-03-15,1490 BLUEBERRY WAY,The Village of Duval,349000,249646,201
S134.188,2026-03-15,499 KASSEL PL,The Village of Hadley,399900,249418,201
S709.27,2026-03-15,1001 JACE PL,The Village of Hemingway,345000,249627,201
S205.102,2026-03-15,1056 ALLAIRE LOOP,The Village of Fernandina,824200,249574,201
S952.60,2026-03-15,1448 DYNASTY PL,The Village of Fernandina,305000,249614,201
S971.30,2026-03-15,635 ARRUDA TER,Haciendas of Mission Hills,599000,249615,201
L30.53,2026-03-15,3246 IIAMS CT,The Village of Pine Hills,359880,249637,201
S733.12,2026-03-15,1964 RHETT RD,The Village of Linden,275000,249603,201
L65V.3,2026-03-15,1449 CHARSKI CT,The Village of Lake Denham,1299000,249492,201
L68V.28,2026-03-15,1043 JOETTE PL,The Village of Lake Denham,850000,249604,201
S212V.36,2026-03-15,7581 RATCLIFF WAY,The Village of Moultrie Creek,315000,249534,201
S159V.1,2026-03-15,1135 ALEX AVE,The Village of Edenfield,499900,249642,201
M214.101,2026-03-16,17809 SE 91ST GAYLARK AVE,The Village of Springdale,295000,249635,200
S30V.3,2026-03-16,2590 CONSTANCE CT,The Village of DeLuna,514900,249612,200
S65V.11,2026-03-16,5933 RENEE TER,The Village of St. Catherine,529000,249616,200
L65V.16,2026-03-16,7004 EMILINE TER,The Village of Lake Denham,1085000,248406,200
L81V.13,2026-03-16,687 LAKE CREEK CIR,The Village of Dabney,725000,249633,200
L75V.55,2026-03-16,855 SPRING AVE,The Village of Dabney,250000,249644,200
S34.154,2026-03-17,3017 RUGBY WAY,The Village of Polo Ridge,374900,249632,199
S83.233,2026-03-17,970 BARRYMOORE LOOP,The Village of Ashland,249900,249558,199
S173.19,2026-03-17,1166 MERRYWEATHER WAY,The Village of Bridgeport-Creekside Landing,949000,249656,199
S622.5,2026-03-17,6042 ALTMAN AVE,The Village of DeSoto,299000,249645,199
S71V.204,2026-03-17,6352 MERHOTTEIN LOOP,The Village of Citrus Grove,999999,249598,199
S88V.81,2026-03-17,1328 FRANCESCA PL,The Village of Hawkins,359295,249621,199
S232V.46,2026-03-17,1355 SAMANTHA SCOTT TRL,The Village of Waters Edge,459000,249532,199
S149V.41,2026-03-17,1553 NORTHCOTT LOOP,The Village of Well Point,525000,249651,199
S648.17,2026-03-18,2068 BURROUGHS RD,The Village of Ashland,422000,249647,198
S97.108,2026-03-18,1421 MARION CT,The Village of Liberty Park,467700,249663,198
S671.20,2026-03-18,974 SMYRNA ST,The Village of Sabal Chase,379900,249628,198
S146.289,2026-03-18,2589 PERSIMMON LOOP,The Village of Duval,299000,249516,198
S171.34,2026-03-18,2376 CLEARWATER RUN,The Village of Bridgeport at Miona Shores,850000,249618,198
S818.32,2026-03-18,1763 FLAGSTONE TER,The Village of Pennecamp,525000,249653,198
S833.436,2026-03-18,3266 DZURO DR,Oxford Oaks - Family Neighborhood,479000,247969,198
L104.8,2026-03-18,2974 WOTRING WAY,The Village of Pine Ridge,319850,249575,198
S3F.5,2026-03-18,5686 KEY DEER PATH,The Village of Fenney,359000,249677,198
S973.50,2026-03-18,2940 BEADLE PLACE,The Village of Collier at Atwood Bungalows,489000,249676,198
S743.29,2026-03-18,4881 JOHN CRAMER CIR,The Village of Chitty Chatty,285000,249631,198
S59V.43,2026-03-18,326 ZINGALE LN,The Village of Citrus Grove,399900,249580,198
L65V.8,2026-03-18,7058 EMILINE TER,The Village of Lake Denham,759000,249607,198
L62V.44,2026-03-18,7180 FAY CT,The Village of Lake Denham,230000,249648,198
S237V.9,2026-03-18,7370 SHAWN SCOTT RUN,The Village of Waters Edge,1175000,249679,198
S601.34,2026-03-19,1621 NAVIDAD ST,The Village Alhambra,272500,249649,197
S36.55,2026-03-19,3182 HATCH LN,The Village of Polo Ridge,420000,249668,197
L3.203,2026-03-19,835 SILVER OAK AVE,The Village of Silver Lake,349500,248840,197
L6.1048,2026-03-19,1010 KELSEA CIR,The Village of Silver Lake,215000,249689,197
S172.134,2026-03-19,2739 MIDLAND TER,The Village of Hemingway,474500,249690,197
S154.79,2026-03-19,2435 POMEROY TER,The Village of St. James,337000,249678,197
S234.142,2026-03-19,1847 OLA TER,The Village of Lake Deaton,549000,249641,197
S36V.92,2026-03-19,1646 SARAKINIS PATH,The Village of Monarch Grove,564900,249332,197
S133V.67,2026-03-19,4193 BALCHARAN TER,The Village of DeLuna,950000,249684,197
S102V.87,2026-03-19,4643 MALONE CIR,The Village of St. Johns,479900,249554,197
S110V.125,2026-03-19,2829 CHIMBORAZO WAY,The Village of Richmond,589900,249589,197
L60V.113,2026-03-19,1560 PEAKMAN RD,The Village of Lake Denham,675000,249665,197
L57V.7,2026-03-19,1619 AMY AVE,The Village of Lake Denham,319000,249674,197
S24.17,2026-03-20,2528 BOTELLO AVE,The Village Alhambra,349999,249706,196
S33.192,2026-03-20,3144 MAYWOOD CT,The Village of Glenbrook,589700,249710,196
S668.2,2026-03-20,1117 ELIZABETH CT,The Village of Caroline,425000,249527,196
S157.61,2026-03-20,2172 PERCIVAL WAY,The Village of Buttonwood,458800,249626,196
S184.76,2026-03-20,3501 JAGUAR CT,The Village of Labelle,349900,249652,196
S833.405,2026-03-20,3524 THORNE PATH,Oxford Oaks - Family Neighborhood,440316,249705,196
S10F.96,2026-03-20,3060 HICKS PL,The Village of Fenney,810000,249693,196
S69V.15,2026-03-20,6331 WHITTLE CT,The Village of Citrus Grove,289000,249696,196
S206V.18,2026-03-20,1794 CRANE DORAN PL,The Village of Moultrie Creek,995000,249692,196
S213V.72,2026-03-20,1642 CADORETTE DR,The Village of Moultrie Creek,388000,249687,196
S37.98,2026-03-21,1223 NILES CT,The Village of Glenbrook,449900,249669,195
S36.72,2026-03-21,763 HUEY LN,The Village of Polo Ridge,400000,249694,195
M218.5,2026-03-21,17363 SE 84TH FOXGROVE AVE,The Village of Briar Meadow,398900,249715,195
S73.39,2026-03-21,848 CASTLEBERRY CIR,The Village of Bonnybrook,775000,249657,195
S105.20,2026-03-21,1092 RUSSELL LOOP,The Village of Bridgeport at Lake Sumter,1279000,249650,195
S147.185,2026-03-21,1558 GUMWOOD DR,The Village of Duval,449000,249572,195
S143.70,2026-03-21,1137 HOBBIT CT,The Village of Hemingway,699000,249722,195
S148.92,2026-03-21,2309 MIDNIGHT PASS CT,The Village of St. Charles,489000,249659,195
S952.69,2026-03-21,1467 OLYMPIA ST,The Village of Fernandina,329000,249735,195
S964.7,2026-03-21,2147 NEW HAVEN LN,The Village of Hillsborough,325000,249600,195
S79V.80,2026-03-21,5839 LARKIN TER,The Village of Hawkins,625000,249716,195
S110V.21,2026-03-21,2901 OSBORNE ST,The Village of Richmond,419900,249672,195
L48V.54,2026-03-21,1611 VANBECK CIR,The Village of Newell,699999,249671,195
L60V.79,2026-03-21,1580 ROWELL ST,The Village of Lake Denham,399000,249686,195
S1M.102,2026-03-21,7533 CHASTAIN CIR,Middleton - Family Neighborhood,435000,248241,195
S240V.57,2026-03-21,7366 GILLIAN ST,The Village of Shady Brook,450000,248775,195
S220V.49,2026-03-21,7608 ROTTERMOND WAY,The Village of Shady Brook,269900,249733,195
L13.3323,2026-03-22,1423 W SCHWARTZ BLVD,The Village of Country Club Hills,309900,249673,194
L13.3354,2026-03-22,1136 W BOONE CT,The Village of Country Club Hills,219900,249698,194
S844.20,2026-03-22,1238 CADIZ TER,The Village Hacienda,769900,249721,194
L3.238,2026-03-22,832 SILVER OAK AVE,The Village of Silver Lake,219500,249719,194
M52.37,2026-03-22,9595 SE 171ST ARGYLL ST,The Village of Woodbury,399900,249620,194
S958.28,2026-03-22,607 YBOR LN,The Village of Osceola Hills,274000,249729,194
S728.13,2026-03-22,5043 PRISCILLA LOOP,The Village of Marsh Bend,699000,249700,194
S120V.52,2026-03-22,4409 GARCHINSKY AVE,The Village of DeLuna,589900,249734,194
S47V.96,2026-03-22,5566 SHARPIN ST,The Village of Bradford,419800,249583,194
S110V.76,2026-03-22,2896 CHIMBORAZO WAY,The Village of Richmond,989000,249638,194
L63V.99,2026-03-22,1398 JEREMY CIR,The Village of Lake Denham,409900,249654,194
S215V.86,2026-03-22,7542 ERICA CHAMBERS AVE,The Village of Moultrie Creek,472500,249741,194
S228V.20,2026-03-22,7677 CARY ST,The Village of Shady Brook,475000,249493,194
S645.24,2026-03-24,2864 REMINGTON RD,The Village of Belvedere,357900,249670,192
S199.111,2026-03-24,868 GREENWICH PL,The Village of Charlotte,509000,249736,192
S211.171,2026-03-24,1642 NORWOOD ST,The Village of Gilchrist,575000,249595,192
S195.182,2026-03-24,4292 VALENTINE AVE,The Village of Osceola Hills,389000,249746,192
S9F.18,2026-03-24,2916 SUBER ST,The Village of Fenney,399900,249610,192
S620.11,2026-03-24,5839 TUPELO TER,The Village of DeSoto,435000,249709,192
L66V.50,2026-03-24,7113 TUCSON TRL,The Village of Lake Denham,849999,249688,192
S242V.15,2026-03-24,7226 CHERYL COOPER TRL,The Village of Waters Edge,1225000,249755,192
S23.220,2026-03-25,1506 ROCHA LN,The Village Santo Domingo,247711,249776,191
M222.83,2026-03-25,17379 SE 78TH HARMONY CIR,The Village of Chatham,284800,249763,191
M222.106,2026-03-25,17432 SE 78TH HARMONY CIR,The Village of Chatham,275000,249767,191
S70.401,2026-03-25,1930 WALDEN WAY,The Village of Winifred,395000,249728,191
S651.20,2026-03-25,2743 COLLINGTON DR,The Village of Lynnhaven,289900,249724,191
S653.32,2026-03-25,1939 STAFFORD AVE,The Village of Liberty Park,327711,249639,191
S109.106,2026-03-25,1351 DUNCAN DR,The Village of Virginia Trace,795000,249731,191
S665.68,2026-03-25,812 CHAPPELLS DR,The Village of Virginia Trace,420000,249691,191
S197.184,2026-03-25,3098 BAFFIE CT,The Village of Sanibel,335000,249774,191
S222.36,2026-03-25,3413 KANANWOOD TER,The Village of Collier,525000,249685,191
S724.47,2026-03-25,5412 KATE CT,The Village of Marsh Bend,289900,249630,191
S135V.2,2026-03-25,4118 GRADY TER,The Village of DeLuna,305000,249766,191
S115V.52,2026-03-25,2636 QUELLY RD,The Village of Richmond,425000,249623,191
L71V.26,2026-03-25,7261 ANNISON TER,The Village of Lake Denham,280000,249702,191
S2M.203,2026-03-25,7673 HENDREN AVE,Middleton - Family Neighborhood,324800,249775,191
S3M.32,2026-03-25,7917 BYERS ST,Middleton - Family Neighborhood,649750,249749,191
L2.11,2026-03-26,1316 LESTER DR,The Village of Orange Blossom Gardens,149000,249784,190
S13.202,2026-03-26,2022 SAN LEONARDO WAY,The Village Palo Alto,335000,249711,190
S26.203,2026-03-26,1305 JIMENEZ CT,The Village Santo Domingo,370000,249787,190
S643.61,2026-03-26,708 ROSELLA PL,The Village of Winifred,343900,249737,190
S948.53,2026-03-26,3173 BLYTHILL LN,The Village of Sanibel,349000,249727,190
S223.159,2026-03-26,3359 HOLLYOAK WAY,The Village of Collier,498000,249768,190
S234.203,2026-03-26,3766 INDIANWOOD RD,The Village of Lake Deaton,462000,249579,190
S234.218,2026-03-26,3829 NEIGHBORLY WAY,The Village of Lake Deaton,380000,249758,190
S31V.104,2026-03-26,2789 ORTON RD,The Village of DeLuna,449900,248238,190
S135V.3,2026-03-26,4112 GRADY TER,The Village of DeLuna,279999,249779,190
S74V.32,2026-03-26,6082 MULLIGAN RUN,The Village of Citrus Grove,1600000,249585,190
S89V.18,2026-03-26,1296 MIZELL AVE,The Village of Hawkins,270000,249780,190
S2M.194,2026-03-26,2724 GOSINE PL,Middleton - Family Neighborhood,239000,249778,190
S36.137,2026-03-27,3153 ATWELL AVE,The Village of Polo Ridge,425000,249718,189
S116.84,2026-03-27,456 TROY LOOP,The Village of Mallory Square,525000,249713,189
S675.61,2026-03-27,507 RICHBURG ST,The Village of Mallory Square,479000,249357,189
S118.51,2026-03-27,1732 DUFFY LOOP,The Village of Sabal Chase,409000,249636,189
S148.85,2026-03-27,2332 MIDNIGHT PASS CT,The Village of St. Charles,444500,249745,189
S623.8,2026-03-27,2963 CURRIE CT,The Village of Fenney,319900,249748,189
S21V.5,2026-03-27,2369 BOUDREAU CIR,The Village of Marsh Bend,1599000,249773,189
S732.50,2026-03-27,1946 RIEGER RD,The Village of Linden,715000,249720,189
S627.31,2026-03-27,5593 MILLSAP AVE,The Village of Hammock at Fenney,249999,249708,189
L41V.67,2026-03-27,6370 BRIDGET AVE,The Village of Newell,520000,249743,189
L48V.35,2026-03-27,6743 SCHROEDER CIR,The Village of Newell,650000,249786,189
L65V.38,2026-03-27,6995 SUGAR CREEK PATH,The Village of Lake Denham,689000,249740,189
L68V.13,2026-03-27,1104 JOETTE PL,The Village of Lake Denham,779000,249769,189
L83V.40,2026-03-27,487 LANDS END LN,The Village of Dabney,575000,249662,189
S3M.87,2026-03-27,7930 BYERS ST,Middleton - Family Neighborhood,499621,249757,189
L13.3382,2026-03-28,1117 W BOONE CT,The Village of Country Club Hills,289900,249789,188
L6.871,2026-03-28,609 TARRSON BLVD,The Village of Silver Lake,209900,249791,188
M60.9,2026-03-28,17346 SE 80TH BILTMORE AVE,The Village of Chatham,459900,249782,188
S83.127,2026-03-28,921 BARRYMOORE LOOP,The Village of Ashland,389000,249797,188
S98.74,2026-03-28,1403 ABERCROMBIE WAY,The Village of Liberty Park,389990,249730,188
S214.23,2026-03-28,3265 HAISLIP CT,The Village of Gilchrist,1099000,249470,188
S133V.124,2026-03-28,4132 AUGUST LOOP,The Village of DeLuna,389900,249812,188
L60V.91,2026-03-28,1577 ROWELL ST,The Village of Lake Denham,489000,249386,188
L63V.83,2026-03-28,1508 JEREMY CIR,The Village of Lake Denham,410000,249804,188
L71V.6,2026-03-28,1029 GORMSEN CT,The Village of Lake Denham,284999,249643,188
S203V.9,2026-03-28,7767 GRIFFIN LN,The Village of Moultrie Creek,879000,249783,188
S196.79,2026-03-29,825 ULELAH ST,The Village of Charlotte,489000,249801,187
S969.112,2026-03-29,2877 PETOSKEY PL,The Village of Collier at Alden Bungalows,649900,249815,187
L35.54,2026-03-29,3269 KRANZ AVE,The Village of Pine Ridge,495000,249771,187
L38.8,2026-03-29,3096 POPE PL,The Village of Pine Ridge,925000,249798,187
L30.15,2026-03-29,3198 HOLLEY TER,The Village of Pine Hills,777900,249823,187
S720.33,2026-03-29,2301 SNODGRASS LN,The Village of McClure,280000,249712,187
S729.10,2026-03-29,2430 MARJA ST,The Village of Marsh Bend,562000,249747,187
S116V.10,2026-03-29,4455 ELIJAH LOOP,The Village of DeLuna,389000,249525,187
S136V.61,2026-03-29,4085 SILVANA WAY,The Village of DeLuna,254000,249824,187
S48V.55,2026-03-29,992 EBLING LOOP,The Village of St. Catherine,1195000,249701,187
S242V.1,2026-03-29,7317 CHERYL COOPER TRL,The Village of Waters Edge,1549000,249739,187
S235V.45,2026-03-29,1208 CHIASSON AVE,The Village of Waters Edge,259000,249613,187
M224.7,2026-03-30,16860 SE 80TH BATHURST CT,The Village of Calumet Grove,279900,249186,186
M54.130,2026-03-30,16809 SE 86TH DEPTFORD CT,The Village of Briar Meadow,392711,249831,186
S137.24,2026-03-30,947 CHAPMAN LOOP,The Village of Hemingway,435000,249811,186
S234.201,2026-03-30,3775 INDIANWOOD RD,The Village of Lake Deaton,388000,249539,186
S17V.31,2026-03-30,2216 CANNON LOOP,The Village of McClure,797007,249764,186
S83V.30,2026-03-30,5519 BRITTANY TER,The Village of Hawkins,399000,249474,186
S51V.114,2026-03-30,5669 ALTMAN CT,The Village of St. Catherine,384900,249826,186
S103V.87,2026-03-30,2486 LENNIE LOOP,The Village of St. Johns,645000,249725,186
S601.16,2026-03-31,1643 CAMPOS DR,The Village Alhambra,215555,249838,185
S67.226,2026-03-31,3360 OAKDALE PL,The Village of Summerhill,368608,249760,185
S145.181,2026-03-31,2351 MCCLELLANVILLE TER,The Village of Duval,339000,249761,185
S178.45,2026-03-31,568 EVESBOROUGH PATH,The Village of Sanibel,447711,249794,185
S217.129,2026-03-31,3551 AMISH PATH,The Village of Hillsborough,449000,249707,185
S30V.8,2026-03-31,2566 MAISTO PL,The Village of DeLuna,620000,249781,185
S626.35,2026-03-31,3484 SMEDLEY RD,The Village of Hammock at Fenney,499900,249834,185
L63V.78,2026-03-31,1538 JEREMY CIR,The Village of Lake Denham,550000,249682,185
S209V.38,2026-03-31,2023 LAURA LOOP,The Village of Moultrie Creek,539000,249819,185
M59.72,2026-04-01,7999 SE 174TH BELHAVEN LOOP,The Village of Chatham,334900,249680,184
S67.315,2026-04-01,3325 ASHBROOK PL,The Village of Summerhill,265000,249752,184
S668.72,2026-04-01,731 CLIO LN,The Village of Caroline,389000,249732,184
S139.78,2026-04-01,2658 RADBOURNE WAY,The Village of Hemingway,785000,249704,184
S197.163,2026-04-01,848 FENWICK LOOP,The Village of Sanibel,407711,248114,184
S194.123,2026-04-01,728 CONGAREE LOOP,The Village of Osceola Hills,847711,249825,184
L32.116,2026-04-01,848 WIECHENS WAY,The Village of Pine Hills,499824,249805,184
L33.45,2026-04-01,935 VAUGHN WAY,The Village of Pine Hills,499900,249840,184
S15V.32,2026-04-01,2229 GORDON PATH,The Village of McClure,1075000,249814,184
S729.36,2026-04-01,2477 MARJA ST,The Village of Marsh Bend,369000,249584,184
S738.21,2026-04-01,1934 GONZALEZ LN,The Village of Monarch Grove,309850,249754,184
S44A.37,2026-04-01,954 SUMNER LOOP,The Village of Chitty Chatty,795000,249837,184
S110V.120,2026-04-01,2795 CHIMBORAZO WAY,The Village of Richmond,670000,249799,184
S209V.9,2026-04-01,1974 LAURA LOOP,The Village of Moultrie Creek,899900,249800,184
S229V.75,2026-04-01,7590 DANIEL HEARNS WAY,The Village of Shady Brook,354900,249655,184
S223V.5,2026-04-01,1573 LUCA LN,The Village of Shady Brook,315000,249498,184
S223V.41,2026-04-01,1556 LUCA LN,The Village of Shady Brook,269000,249742,184
S249V.31,2026-04-01,1210 STOUT ST,The Village of Waters Edge,424900,249817,184
S15.83,2026-04-02,508 CARRERA DR,The Village de La Vista,369500,249827,183
S70.287,2026-04-02,628 SHALIMAR ST,The Village of Winifred,374900,249324,183
S652.49,2026-04-02,2401 KINGSTREE PL,The Village of Lynnhaven,299000,249857,183
S821.58,2026-04-02,1715 GALAHAD TER,The Village of Pennecamp,305000,249870,183
S743.28,2026-04-02,4877 JOHN CRAMER CIR,The Village of Chitty Chatty,314900,249424,183
S233V.37,2026-04-02,7538 HINDE PL,The Village of Waters Edge,265000,249858,183
L9.2668,2026-04-03,1607 DORAL CIR,The Village of Country Club Hills,209900,249695,182
L10.2172,2026-04-03,1614 E SCHWARTZ BLVD,The Village of Country Club Hills,315000,249862,182
S13A.8,2026-04-03,2015 ALLENDE AVE,The Village de Allende,1295000,249326,182
L18.5733,2026-04-03,1010 LA MESA LN,The Village Mira Mesa,289000,249714,182
S686.40,2026-04-03,628 DELGADO AVE,The Village Rio Grande,310000,249785,182
S607.10,2026-04-03,1444 AZTECA LOOP,The Village Santiago,284900,249859,182
L32.32,2026-04-03,845 KAUSKA WAY,The Village of Pine Hills,797000,249856,182
S621.53,2026-04-03,6043 CAULK CT,The Village of DeSoto,388000,249865,182
S59V.24,2026-04-03,6305 WINDHAM WAY,The Village of Citrus Grove,398000,249751,182
S142V.11,2026-04-03,2613 COMMERCE CT,The Village of Richmond,799800,249762,182
L49V.84,2026-04-03,2053 CHRISTIANS CT,The Village of Newell,674000,249869,182
S172V.11,2026-04-03,6489 BUTCHER TER,The Village of Oak Hollow,631200,249874,182
S223V.31,2026-04-03,7916 MAY TER,The Village of Shady Brook,334900,249667,182
M65.105,2026-04-04,7835 SE 166TH HIBERNIA LN,The Village of Calumet Grove,319900,249796,181
S660.22,2026-04-04,2053 BONHAM LN,The Village of Poinciana,615000,249886,181
S134.214,2026-04-04,2531 HANLON TER,The Village of Hadley,349900,249839,181
S973.15,2026-04-04,2931 TORCH POINT LANE,The Village of Collier at Atwood Bungalows,495000,249896,181
S33V.32,2026-04-04,5751 HENRY LOOP,The Village of Linden,839000,249880,181
S109V.28,2026-04-04,4212 MALVERN CT,The Village of Richmond,495000,249828,181
L44V.52,2026-04-04,6630 HOLOVAK TER,The Village of Newell,449900,249765,181
L69V.5,2026-04-04,1001 RUHLMAN LOOP,The Village of Lake Denham,650000,249899,181
S214V.31,2026-04-04,7517 BLANDFORD ST,The Village of Moultrie Creek,314900,249753,181
S229V.53,2026-04-04,7533 DANIEL HEARNS WAY,The Village of Shady Brook,369500,249790,181
S223V.36,2026-04-04,1588 LUCA LN,The Village of Shady Brook,315000,249605,181
S237V.47,2026-04-04,7435 SHAWN SCOTT RUN,The Village of Waters Edge,454000,249750,181
S684.47,2026-04-04,1305 BALBOA CT,The Village Rio Grande,269000,249883,181
L3.290,2026-04-04,818 BEECHWOOD AVE,The Village of Silver Lake,274900,249792,181
S196.106,2026-04-06,3252 SYLEWOOD AVE,The Village of Charlotte,399600,249888,179
S647.63,2026-04-06,884 ALLAGASH AVE,The Village of Ashland,249000,249911,179
S67.278,2026-04-06,3295 CANDLEBROOK ST,The Village of Summerhill,275000,249904,179
L7.1412,2026-04-06,1732 W SCHWARTZ BLVD,The Village of Country Club Hills,329900,249885,179
S833.519,2026-04-06,3354 BOYD CIR,Oxford Oaks - Family Neighborhood,349814,249523,179
S77V.82,2026-04-06,881 BOWDEN RD,The Village of Cason Hammock,725000,249864,179
S210V.48,2026-04-06,7559 SUNDERMAN AVE,The Village of Moultrie Creek,425000,249900,179
S49V.2,2026-04-06,885 AUSTER AVE,The Village of St. Catherine,1299000,249788,179
S204V.2,2026-04-06,1945 CARLA FINK CT,The Village of Moultrie Creek,585000,249852,179
L3.95,2026-04-07,916 BEECHWOOD AVE,The Village of Silver Lake,229900,249906,178
S670.39,2026-04-07,285 STARR LN,The Village of Caroline,339800,248989,178
S669.71,2026-04-07,280 EMMALEE PL,The Village of Mallory Square,294825,249891,178
M52.179,2026-04-07,9621 SE 168TH MAPLESONG LN,The Village of Woodbury,327500,249912,178
S663.49,2026-04-07,1536 CONWAY CT,The Village of Virginia Trace,424900,249770,178
S707.80,2026-04-07,1345 CHATEAU WAY,The Village of Duval,335000,249854,178
S634.13,2026-04-07,2915 MEADOW LAWN LN,The Village of Belle Aire,459900,249835,178
S4F.2,2026-04-07,2790 MORNING GLORY TER,The Village of Fenney,759000,249916,178
S628.29,2026-04-07,5765 MARROT TER,The Village of Hammock at Fenney,374900,249898,178
S89V.19,2026-04-07,1300 MIZELL AVE,The Village of Hawkins,259000,249875,178
S26.168,2026-04-08,1318 GUERRA AVE,The Village Santo Domingo,334900,249927,177
S132.109,2026-04-08,2346 JONESBURY RUN,The Village of Hadley,389900,249876,177
L3.408,2026-04-08,1231 DUSTIN DR,The Village of Silver Lake,114900,249914,177
S662.7,2026-04-08,1604 GIBBES WAY,The Village of Liberty Park,299900,249806,177
S709.22,2026-04-08,1021 JACE PL,The Village of Hemingway,295000,249917,177
L78.49,2026-04-08,108 CHERRY BLOSSOM LN,Spring Arbor - Family Neighborhood,359000,249926,177
S663.42,2026-04-08,1087 JACKSON ST,The Village of Virginia Trace,349000,249929,177
S123.88,2026-04-08,1240 PENDLETON CIR,The Village of Largo,425000,249850,177
S138V.43,2026-04-08,3818 ZENTKO ST,The Village of Hammock at Fenney,298800,249849,177
S119V.44,2026-04-08,4433 WHITTINGTON CIR,The Village of DeLuna,398000,249884,177
S826.42,2026-04-09,2206 SHANEWOOD CT,The Village of Tamarind Grove,339500,249942,176
S20.68,2026-04-09,1135 SALIDO AVE,The Village Santo Domingo,380000,249882,176
S75.28,2026-04-09,2206 HIGH POINT DR,The Village of Bonnybrook,449000,249863,176
S634.100,2026-04-09,2957 LAUREL HILL LN,The Village of Belle Aire,359000,249829,176
S6F.53,2026-04-09,2411 WOODS WAY,The Village of DeSoto,403000,249907,176
L29.11,2026-04-09,3238 PETERSON PL,The Village of Pine Hills,575000,249428,176
S624.32,2026-04-09,5838 WADE TER,The Village of Fenney,299900,249894,176
S60V.68,2026-04-09,1159 CHARLENE PL,The Village of Bradford,419000,249893,176
S18V.33,2026-04-09,2164 BILLER CIR,The Village of McClure,338000,249877,176
L73V.32,2026-04-09,7335 TRUNDLE TER,The Village of Dabney,1149000,249935,176
S234V.40,2026-04-09,1229 EVEN LN,The Village of Waters Edge,267000,249948,176
S136.145,2026-04-10,2272 QUINCY CT,The Village of Bonita,389000,249934,175
S142.4,2026-04-10,1163 WESTMORELAND LOOP,The Village of Duval,517985,249820,175
S75.106,2026-04-10,2459 AMBLER CIR,The Village of Bonnybrook,469000,249961,175
S821.50,2026-04-10,2230 MOSSY OAK DR,The Village of Pennecamp,319000,249957,175
S218.67,2026-04-10,3534 QUIETWOODS DR,The Village of Lake Deaton,929000,249936,175
S622.12,2026-04-10,2436 HILL ST,The Village of DeSoto,350000,249945,175
S94V.32,2026-04-10,1597 WAYCROSS PL,The Village of Hawkins,415000,249915,175
S226V.82,2026-04-10,7804 CARMEN RENE WAY,The Village of Shady Brook,409000,249744,175
S215V.98,2026-04-10,7558 BECKY CT,The Village of Moultrie Creek,389900,249887,175
S231V.41,2026-04-10,7463 VAN NESS CIR,The Village of Waters Edge,419750,249959,175
S80.66,2026-04-11,649 RAVENEL CT,The Village of Belvedere,379000,249969,174
L7.1177,2026-04-11,1604 KILEY CT,The Village of Country Club Hills,279900,249965,174
S102.2,2026-04-11,1694 BLACK LAKE DR,The Village of Bridgeport at Lake Miona,2395000,249895,174
S83.87,2026-04-11,2186 LEWISTON LN,The Village of Ashland,309900,249868,174
S10.125,2026-04-11,1012 CAMINO DEL REY DR,The Village Rio Ranchero,379621,249808,174
S969.72,2026-04-11,3517 MANCELONA TER,The Village of Collier at Alden Bungalows,535000,249974,174
L8.1619,2026-04-11,958 ORCHID ST,The Village of Country Club Hills,199900,249919,174
S181.101,2026-04-11,3377 QUAIL HOLLOW CT,The Village of Charlotte,324900,249954,174
L36.92,2026-04-11,3161 DRESSENDORFER DR,The Village of Pine Ridge,419900,249861,174
S123V.26,2026-04-11,3138 AUREA PL,The Village of DeLuna,625000,249830,174
S736.23,2026-04-11,1774 TRIMARCHE TER,The Village of Monarch Grove,649000,249947,174
L80V.46,2026-04-11,704 FORTNIER ST,The Village of Dabney,299900,249956,174
L22.6110,2026-04-12,515 LOMA PASEO DR,The Village La Reynalda,494900,249922,173
S236.6,2026-04-12,2494 GREENHILL TRL,The Village of Belvedere,399000,249967,173
S952.49,2026-04-12,3458 PLACIDA TER,The Village of Fernandina,329900,249813,173
S966.10,2026-04-12,3790 E TORCH LAKE DR,The Village of Collier at Antrim Dells,699000,249905,173
L7.1211,2026-04-12,1610 LAUREN LN,The Village of Country Club Hills,209900,249932,173
S82V.14,2026-04-12,1250 MANUEL CIR,The Village of Hawkins,369900,249983,173
S14V.34,2026-04-12,2244 GORDON PATH,The Village of McClure,699750,249902,173
S30A.26,2026-04-12,4884 CORDER RUN,The Village of DeLuna,989000,249952,173
L81V.15,2026-04-12,675 LAKE CREEK CIR,The Village of Dabney,539000,249681,173
S142V.4,2026-04-12,4124 BOATWRIGHT AVE,The Village of Richmond,799000,249923,173
S70V.44,2026-04-13,6262 SIVERSON TER,The Village of Citrus Grove,319000,249933,172
S131V.9,2026-04-13,3225 RAYMA PL,The Village of DeLuna,415000,249841,172
S33.20,2026-04-14,1413 OAK FOREST DR,The Village of Glenbrook,350000,249873,171
S651.19,2026-04-14,2739 COLLINGTON DR,The Village of Lynnhaven,270000,249953,171
L104.4,2026-04-14,2998 WOTRING WAY,The Village of Pine Ridge,377711,249832,171
L17.5458,2026-04-14,507 TORRES PL,The Village Mira Mesa,250000,249634,171
L103.41,2026-04-14,1063 AVENIDA SONOMA,The Village of Spanish Springs,499900,250002,171
S115.264,2026-04-14,646 MALLORY HILL DR,The Village of Mallory Square,379000,250001,171
S192.4,2026-04-14,4055 DESKIN LN,The Village of Osceola Hills,417000,249991,171
S96V.38,2026-04-14,5453 STALEY ST,The Village of St. Johns,550000,249931,171
S9.141,2026-04-15,1214 SAN BERNADINO WAY,The Village Hacienda,350000,249881,170
M221.52,2026-04-15,17463 SE 81ST NEWBERRY CT,The Village of Chatham,259000,249501,170
S73.54,2026-04-15,1981 DARBY PL,The Village of Bonnybrook,529000,249921,170
S91.115,2026-04-15,1519 FENIMORE LN,The Village of Sunset Pointe,629000,249556,170
S99.7,2026-04-15,2015 SOUTHFIELD DR,The Village of Poinciana,477000,249897,170
S664.48,2026-04-15,1285 CHESNEE PL,The Village of Caroline,339000,249963,170
S622.33,2026-04-15,6071 MOTZ TER,The Village of DeSoto,299500,249958,170
S19V.43,2026-04-15,5549 HEAD WAY,The Village of McClure,525000,249890,170
S78V.24,2026-04-15,5964 SHARP ST,The Village of Cason Hammock,545000,249928,170
L68V.33,2026-04-15,1115 JOETTE PL,The Village of Lake Denham,489000,249964,170
L78V.60,2026-04-15,624 CHERRY CREEK WAY,The Village of Dabney,435000,250000,170
S190V.7,2026-04-15,6730 TANZI TRL,The Village of Oak Hollow,1249990,249544,170
S233V.20,2026-04-15,1316 NATE AVE,The Village of Waters Edge,319000,250016,170
S4.7,2026-04-16,1503 ALFONSO LN,The Village Rio Ponderosa,309900,250037,169
S648.42,2026-04-16,873 CARRABELLA TER,The Village of Ashland,329000,250038,169
S135.285,2026-04-16,512 AINSWORTH CIR,The Village of Hadley,569900,249889,169
S210.188,2026-04-16,1475 BRINKLEY LN,The Village of Gilchrist,535000,249976,169
S217.105,2026-04-16,3476 ULTRA CT,The Village of Hillsborough,549000,250018,169
S236H.105,2026-04-16,3764 YUMA PL,The Village of Lake Deaton,539000,250008,169
S736.37,2026-04-16,1771 PACILLO PL,The Village of Monarch Grove,549000,250017,169
S68V.38,2026-04-16,6225 DINGMAN WAY,The Village of Citrus Grove,285000,249920,169
S112V.57,2026-04-16,2801 CARYTOWN LOOP,The Village of Richmond,429000,250005,169
L59V.10,2026-04-16,1698 WILL LN,The Village of Lake Denham,367500,249981,169
S237V.105,2026-04-16,7315 SHAWN SCOTT RUN,The Village of Waters Edge,379500,249990,169
S234V.38,2026-04-16,1239 EVEN LN,The Village of Waters Edge,257900,250015,169
S688.15,2026-04-17,419 CAMBIO CT,The Village de La Vista,369000,249989,168
S33.355,2026-04-17,1580 OAK FOREST DR,The Village of Glenbrook,359000,250039,168
S92.216,2026-04-17,1768 LANDRUM LN,The Village of Sunset Pointe,310000,249866,168
S146.354,2026-04-17,2609 ALANDARI LN,The Village of Duval,318000,250027,168
S163.105,2026-04-17,2260 FRINGE TREE TRL,The Village of Buttonwood,399900,250004,168
S199.116,2026-04-17,3489 FIELDSTONE PATH,The Village of Charlotte,529000,249968,168
S220.41,2026-04-17,3663 INFINITY RUN,The Village of Hillsborough,430000,249955,168
S971.165,2026-04-17,598 OSADA AVE,Haciendas of Mission Hills,549900,250036,168
S3F.68,2026-04-17,2865 CROWNED CATERPILLAR DR,The Village of Fenney,524800,249892,168
S11F.43,2026-04-17,5912 WOOD STORK WAY,The Village of Fenney,935000,250057,168
S15V.51,2026-04-17,5935 PERDUE PL,The Village of McClure,824900,249972,168
S119V.43,2026-04-17,4437 WHITTINGTON CIR,The Village of DeLuna,389800,249924,168
S67V.4,2026-04-17,479 KAYLA CT,The Village of Citrus Grove,242900,249977,168
S69V.2,2026-04-17,6271 WHITTLE CT,The Village of Citrus Grove,329000,250041,168
S49V.41,2026-04-17,714 WATERMAN WAY,The Village of St. Catherine,449900,249821,168
L72V.48,2026-04-17,929 EUGENE TER,The Village of Lake Denham,329900,249962,168
S2M.45,2026-04-17,2454 ALDER AVE,Middleton - Family Neighborhood,697900,250030,168
S144V.62,2026-04-17,1966 MACPHAIL PL,The Village of Well Point,410900,249148,168
L19.5930,2026-04-18,309 CHULA VISTA AVE,The Village Mira Mesa,355000,250062,167
S118.201,2026-04-18,1735 DUFFY LOOP,The Village of Sabal Chase,334324,249980,167
S141.305,2026-04-18,1189 HOMELAND PARK ST,The Village of Bonita,420000,249966,167
S177.89,2026-04-18,2921 RAIN LILY LOOP,The Village of Sanibel,479000,250029,167
S941.12,2026-04-18,1099 BARRINEAU PL,The Village of Fernandina,359000,250069,167
S968.68,2026-04-18,1257 ZYDECO CT,The Village of Dunedin,325000,250072,167
S9F.86,2026-04-18,2949 GLENDA PL,The Village of Fenney,475000,250068,167
S619.53,2026-04-18,2459 DOOLEY ST,The Village of DeSoto,339000,250049,167
S720.11,2026-04-18,2314 SHEEHAN ST,The Village of McClure,285000,250060,167
S122V.4,2026-04-18,4386 WARNELL LN,The Village of DeLuna,274900,249697,167
S47V.60,2026-04-18,860 MAYNARD PATH,The Village of Bradford,550000,250007,167
S68V.8,2026-04-18,357 LOGAN ST,The Village of Citrus Grove,279557,249946,167
S104V.26,2026-04-18,4391 CREIGHTON LOOP,The Village of Richmond,549000,249997,167
S104V.46,2026-04-18,4397 STONY RUN,The Village of Richmond,429500,249982,167
L66V.43,2026-04-18,7067 TUCSON TRL,The Village of Lake Denham,898000,250065,167
L57V.27,2026-04-18,6890 ALEXIS LN,The Village of Lake Denham,230000,249943,167
S215V.15,2026-04-18,1781 MCMURTRIE LOOP,The Village of Moultrie Creek,539000,250055,167
S98.75,2026-04-19,1399 ABERCROMBIE WAY,The Village of Liberty Park,330000,250025,166
S813.59,2026-04-19,1992 FAIRVIEW LN,The Village of St. James,319000,250061,166
S193.101,2026-04-19,4217 VAPOR CT,The Village of Osceola Hills,489900,250064,166
S38V.86,2026-04-19,1535 JENKS CT,The Village of Monarch Grove,949000,250020,166
S730.7,2026-04-19,4870 TATE GREGORY CT,The Village of DeLuna,324900,249988,166
S117V.130,2026-04-19,3032 BRODEUR AVE,The Village of DeLuna,419900,250035,166
S138V.16,2026-04-19,5814 BAMBOO AVE,The Village of Hammock at Fenney,279900,249703,166
S81V.37,2026-04-19,5715 LEBOEUF LN,The Village of Hawkins,450000,250045,166
L73V.49,2026-04-19,774 FOX PL,The Village of Dabney,349000,248883,166
L83V.5,2026-04-19,483 VERLANDER ST,The Village of Dabney,879000,250083,166
S209V.19,2026-04-19,2026 LAURA LOOP,The Village of Moultrie Creek,739900,250006,166
L8.1817,2026-04-20,1826 E SCHWARTZ BLVD,The Village of Country Club Hills,169900,249818,165
S19.136,2026-04-20,2003 CLAUDIO LN,The Village Santo Domingo,305000,250078,165
L6.734,2026-04-20,547 JASON DR,The Village of Silver Lake,209900,250081,165
S807.107,2026-04-20,2485 GRANVILLE TER,The Village of Buttonwood,269000,249938,165
S170.20,2026-04-20,2509 BUTTONWOOD RUN,The Village of Buttonwood,409000,249940,165
S234.249,2026-04-20,1854 SATINWOOD PATH,The Village of Lake Deaton,399000,250056,165
S194.221,2026-04-20,4397 WATCH HILL ST,The Village of Osceola Hills,549000,250028,165
S614.36,2026-04-20,3100 SABAL PALM AVE,The Village of Fenney,295000,250044,165
S622.3,2026-04-20,6036 ALTMAN AVE,The Village of DeSoto,304900,250013,165
S720.13,2026-04-20,2322 SHEEHAN ST,The Village of McClure,299900,248820,165
S93V.26,2026-04-20,5689 VIRGIL PL,The Village of Hawkins,318900,250009,165
L56V.54,2026-04-20,6931 MINCHEW CIR,The Village of Lake Denham,398500,250040,165
S213V.52,2026-04-20,1645 STRUTHERS LN,The Village of Moultrie Creek,499900,249992,165
S188V.58,2026-04-20,1806 CRAIG CT,The Village of Oak Hollow,749000,249987,165
S241V.40,2026-04-20,7282 LEE LN,The Village of Waters Edge,268000,250085,165
L11.2760,2026-04-21,602 SAINT ANDREWS CIR,The Village of Country Club Hills,439900,250050,164
S119.46,2026-04-21,1142 GOLDEN GROVE DR,The Village of Sabal Chase,320000,250076,164
S127.77,2026-04-21,419 CORBETT DR,The Village of Amelia,494500,249995,164
S172.57,2026-04-21,916 MANDRAKE ST,The Village of Hemingway,375000,250097,164
S193.94,2026-04-21,439 VERTIGO LN,The Village of Osceola Hills,749900,250046,164
L27.22,2026-04-21,3133 KRAMER CT,The Village of Pine Ridge,342000,250082,164
S17V.40,2026-04-21,2109 CANNON LOOP,The Village of McClure,775000,250023,164
L82V.57,2026-04-21,530 VAN DEEN PL,The Village of Dabney,389900,250080,164
L12.2887,2026-04-22,1329 E SCHWARTZ BLVD,The Village of Silver Lake,285900,249860,163
S705.60,2026-04-22,2507 BIRCH AVE,The Village of Duval,285000,249450,163
S950.52,2026-04-22,3147 AMBERLY CT,The Village of Sanibel,399000,249903,163
S181.118,2026-04-22,3399 COUNTRYSIDE PATH,The Village of Charlotte,399000,249970,163
S125V.142,2026-04-22,3473 PARRIS PL,The Village of DeLuna,369500,250052,163
S46V.130,2026-04-22,5446 DRAY DR,The Village of Bradford,529000,250094,163
S78V.4,2026-04-22,984 HEATHMAN PL,The Village of Cason Hammock,648000,250077,163
M228.55,2026-04-23,16600 SE 85TH LANGHAM CT,The Village of Briar Meadow,275000,250089,162
S80.188,2026-04-23,590 ABBEVILLE LOOP,The Village of Belvedere,339000,250126,162
L3.362,2026-04-23,706 ROYAL PALM AVE,The Village of Silver Lake,179900,250091,162
S668.58,2026-04-23,1160 MCBEE AVE,The Village of Caroline,329900,250120,162
S716.11,2026-04-23,304 VIDALIA PL,The Village of Hadley,339900,249978,162
S148.72,2026-04-23,2332 CEDAR BAY LN,The Village of St. Charles,448000,250105,162
S822.32,2026-04-23,2378 HADDINGTON CT,The Village of Tamarind Grove,439900,250079,162
S805.6,2026-04-23,2553 CARRINGTON CT,The Village of Buttonwood,274900,249909,162
S833.265,2026-04-23,11196 ROZ WAY,Oxford Oaks - Family Neighborhood,749621,249908,162
L31.70,2026-04-23,629 KRIETEMEYER PATH,The Village of Pine Hills,1999800,250121,162
S735.9,2026-04-23,1648 MCDONALD CT,The Village of Monarch Grove,309997,249950,162
S91V.44,2026-04-23,1472 EMMA PL,The Village of Hawkins,259117,250098,162
S108V.1,2026-04-23,2938 DORIS CT,The Village of Richmond,369000,250026,162
L49V.64,2026-04-23,6408 MCKNIGHT LOOP,The Village of Newell,624900,250123,162
S215V.99,2026-04-23,7552 BECKY CT,The Village of Moultrie Creek,449000,249951,162
S212V.57,2026-04-23,1874 TIMON ST,The Village of Moultrie Creek,239555,250012,162
S144V.84,2026-04-23,6182 HANNAN LOOP,The Village of Well Point,492000,250048,162
S99V.94,2026-04-24,2391 YOUNGMANN LOOP,The Village of St. Johns,539391,250034,161
S608.62,2026-04-24,3121 ARCHER AVE,The Village of Polo Ridge,519900,250132,161
M59.29,2026-04-24,8109 SE 174TH BELHAVEN LOOP,The Village of Chatham,399600,250136,161
S110.116,2026-04-24,817 MAYBANK LOOP,The Village of Caroline,359000,250133,161
S833.491,2026-04-24,3482 KELLAHER PL,Oxford Oaks - Family Neighborhood,338900,250130,161
S121V.34,2026-04-24,3230 MABEL TER,The Village of DeLuna,319000,250014,161
S82V.24,2026-04-24,5668 BRETT WAY,The Village of Hawkins,649900,250100,161
S93V.35,2026-04-24,5719 VIRGIL PL,The Village of Hawkins,299000,250053,161
S115V.59,2026-04-24,4197 WIDMANN PL,The Village of Richmond,539000,250108,161
L52V.4,2026-04-24,2026 NICOLE TER,The Village of Newell,434900,250054,161
S15.51,2026-04-25,409 ALDAMA AVE,The Village de La Vista,429316,249810,160
S40.17,2026-04-25,1573 NORFOLK AVE,The Village of Belle Aire,919000,250043,160
S127.237,2026-04-25,278 CORBETT DR,The Village of Amelia,335000,250066,160
S943.18,2026-04-25,3091 EASTWOOD TER,The Village of Pinellas,527711,250075,160
S970.61,2026-04-25,3467 DOLAN CT,The Village of Labelle,420000,250088,160
L31.22,2026-04-25,3604 CONSERVATION TRL,The Village of Pine Hills,2495000,250021,160
S96V.58,2026-04-25,5471 GUICE AVE,The Village of St. Johns,439000,250074,160
L62V.37,2026-04-25,7197 FAY CT,The Village of Lake Denham,293000,250142,160
L74V.9,2026-04-25,7305 CORNWALL WAY,The Village of Dabney,389000,250107,160
S226V.28,2026-04-25,7917 CARMEN RENE WAY,The Village of Shady Brook,879000,250150,160
M63.47,2026-04-26,7100 SE 172ND HAZELWOOD LOOP,The Village of Chatham,977711,250149,159
S654.24,2026-04-26,2011 THURMOND AVE,The Village of Liberty Park,309900,249930,159
S667.52,2026-04-26,790 HILDA WAY,The Village of Virginia Trace,459000,250160,159
S123.79,2026-04-26,1025 DENTSVILLE LN,The Village of Largo,549000,250162,159
S825.45,2026-04-26,2309 TRAILWINDS TER,The Village of Tamarind Grove,365000,249973,159
S202.3,2026-04-26,3567 VALLEYBROOK WAY,The Village of Dunedin,524900,249941,159
L34.99,2026-04-26,3336 MCCABE ST,The Village of Pine Hills,530000,250166,159
S3F.9,2026-04-26,5658 KEY DEER PATH,The Village of Fenney,429000,250033,159
S117V.81,2026-04-26,3005 SENTELL ST,The Village of DeLuna,749900,250159,159
S85V.29,2026-04-26,5515 GOODMAN CT,The Village of Hawkins,295400,250146,159
S96V.81,2026-04-26,1702 GALLOWAY DR,The Village of St. Johns,445000,250173,159
S104V.44,2026-04-26,4411 STONY RUN,The Village of Richmond,414411,250158,159
S142V.25,2026-04-26,2610 BETHLEHEM LN,The Village of Richmond,539900,250113,159
L75V.60,2026-04-26,876 CONROE ST,The Village of Dabney,279000,250164,159
S223V.38,2026-04-26,1570 LUCA LN,The Village of Shady Brook,275000,250114,159
S85.25,2026-04-27,2317 LAMAR LN,The Village of Lynnhaven,279000,250174,158
S665.36,2026-04-27,846 GAFFNEY ST,The Village of Virginia Trace,349000,249699,158
S731.53,2026-04-27,2794 KILCREASE LOOP,The Village of DeLuna,579900,250153,158
S117V.19,2026-04-27,3127 ELY CIR,The Village of DeLuna,1195000,250103,158
S183V.12,2026-04-27,1980 PERISH PL,The Village of Well Point,413894,250163,158
L1.60,2026-04-28,1311 PARADISE DR,The Village of Orange Blossom Gardens,299900,249878,157
S35.195,2026-04-28,754 EVELYN DR,The Village of Polo Ridge,315000,250180,157
S70.409,2026-04-28,1915 WALDEN WAY,The Village of Winifred,379621,248885,157
S197.54,2026-04-28,3095 ISLAWILD WAY,The Village of Sanibel,425000,250157,157
S621.40,2026-04-28,2451 ROGERS RD,The Village of DeSoto,415000,250063,157
S629.60,2026-04-28,5526 WIGGINS TER,The Village of Hammock at Fenney,549000,250119,157
S4M.261,2026-04-28,7349 CATINAZZO CT,Middleton - Family Neighborhood,279000,250092,157
S249V.21,2026-04-28,7152 TIPPETT TRL,The Village of Waters Edge,399999,250093,157
S41.206,2026-04-29,1837 NAPLES PL,The Village of Belle Aire,329900,250186,156
S105.58,2026-04-29,842 PINCKNEY LN,The Village of Bridgeport at Lake Sumter,899500,250194,156
S216.145,2026-04-29,3400 NURSERY PL,The Village of Hillsborough,590000,250188,156
S966.179,2026-04-29,3879 E TORCH LAKE DR,The Village of Collier at Antrim Dells,789000,248133,156
S970.32,2026-04-29,515 JUJUBE AVE,The Village of Labelle,485000,250152,156
S956.27,2026-04-29,761 YAGER LN,Osceola Hills at Soaring Eagle Preserve,399900,250125,156
S191.6,2026-04-29,4142 MCDOWELL DR,The Village of Osceola Hills,519000,249756,156
S124V.11,2026-04-29,4521 SAMANTHA CT,The Village of DeLuna,629900,250111,156
S124V.61,2026-04-29,4543 BROOKE LN,The Village of DeLuna,547711,250172,156
S94V.51,2026-04-29,5638 MATANZAS LOOP,The Village of Hawkins,344000,250193,156
L44V.14,2026-04-29,1867 VANBECK CIR,The Village of Newell,1195000,250010,156
L42V.20,2026-04-29,1941 RAST RD,The Village of Newell,309900,250195,156
L42V.33,2026-04-29,1906 HUX CT,The Village of Newell,265000,250087,156
L54V.71,2026-04-29,6773 MOTT ST,The Village of Newell,320000,250143,156
M217.62,2026-04-30,17435 SE 82ND ROSLYN CT,The Village of Piedmont,279000,250200,155
M62.220,2026-04-30,17430 SE 72ND DEER RUN AVE,The Village of Chatham,424900,250204,155
S67.98,2026-04-30,982 KINGMONT TER,The Village of Summerhill,357900,250202,155
S68.176,2026-04-30,3554 AUBURNDALE AVE,The Village of Summerhill,255000,250112,155
S99.63,2026-04-30,1622 HUNTINGTON PATH,The Village of Poinciana,489000,250165,155
S967.23,2026-04-30,3572 ONYX AVE,The Village of Hillsborough,389000,249723,155
S133V.43,2026-04-30,3358 BRIANNA LN,The Village of DeLuna,379000,250170,155
S67V.48,2026-04-30,6089 GUY TER,The Village of Citrus Grove,254500,250110,155
S82V.4,2026-04-30,5705 BRETT WAY,The Village of Hawkins,1059850,250139,155
S51V.123,2026-04-30,5672 ALTMAN CT,The Village of St. Catherine,359900,250141,155
S103V.43,2026-04-30,2637 DREW CIR,The Village of St. Johns,449900,250182,155
L76V.39,2026-04-30,785 RIVER OAKS CIR,The Village of Dabney,425000,250197,155
S155.67,2026-05-01,2383 ANSLEY PATH,The Village of Tamarind Grove,429000,250167,154
S150.29,2026-05-01,2153 SUN BLUFF CT,The Village of St. Charles,770000,250134,154
S945.49,2026-05-01,3335 SEBASTION AVE,The Village of Charlotte,429000,250124,154
S619.46,2026-05-01,5734 LEIGH LN,The Village of DeSoto,425000,250181,154
S621.66,2026-05-01,6026 GIBSON AVE,The Village of DeSoto,399900,250156,154
S81V.29,2026-05-01,1243 SARANAC PL,The Village of Hawkins,369000,250208,154
S115V.38,2026-05-01,4271 WIDMANN PL,The Village of Richmond,550000,249996,154
L53V.21,2026-05-01,6764 MARY LOOP,The Village of Newell,364000,250011,154
S207V.70,2026-05-01,1608 WOELKERS CIR,The Village of Moultrie Creek,439990,249984,154
S1M.112,2026-05-01,7583 CHASTAIN CIR,Middleton - Family Neighborhood,299000,250206,154
S2M.69,2026-05-01,2500 WILES LN,Middleton - Family Neighborhood,546900,250095,154
S249V.47,2026-05-01,7154 JOSH DR,The Village of Waters Edge,459900,249795,154
S177V.41,2026-05-01,6303 DESTINY DR,The Village of Well Point,419000,250102,154
S14.31,2026-05-02,625 SAN MARINO DR,The Village de La Vista,387711,247007,153
L6.911,2026-05-02,508 JASON DR,The Village of Silver Lake,209900,250223,153
L12.3070,2026-05-02,537 RAINBOW BLVD,The Village of Silver Lake,205000,250218,153
S807.50,2026-05-02,2512 GRANVILLE TER,The Village of Buttonwood,304000,250219,153
S965.26,2026-05-02,1223 TRAPPERS CT,The Village of Dunedin,329000,250127,153
L33.125,2026-05-02,942 KOLLER CT,The Village of Pine Hills,469000,250214,153
S71V.100,2026-05-02,6203 TRIPP TER,The Village of Citrus Grove,879000,250129,153
S96V.68,2026-05-02,1654 GALLOWAY DR,The Village of St. Johns,399000,250179,153
L46V.6,2026-05-02,1779 FECHTEL AVE,The Village of Newell,319000,250118,153
L56V.65,2026-05-02,7007 MINCHEW CIR,The Village of Lake Denham,399000,250224,153
L63V.55,2026-05-02,7161 NAMAN CT,The Village of Lake Denham,402800,249979,153
S4M.27,2026-05-02,7332 CATINAZZO CT,Middleton - Family Neighborhood,248500,250189,153
S26.143,2026-05-03,1308 GALINDO PL,The Village Santo Domingo,449000,250115,152
S128.15,2026-05-03,603 ALLENWOOD LOOP,The Village of Amelia,599000,249999,152
S703.52,2026-05-03,2408 TRAVIS PL,The Village of Duval,314900,250236,152
S182.106,2026-05-03,3458 NESTLEBRANCH AVE,The Village of Charlotte,524900,250234,152
S958.54,2026-05-03,604 YBOR LN,The Village of Osceola Hills,324999,249563,152
S619.62,2026-05-03,2411 DOOLEY ST,The Village of DeSoto,442000,250192,152
S718.37,2026-05-03,6027 NEILSON CT,The Village of McClure,399900,250222,152
S58V.100,2026-05-03,337 JAMESON LOOP,The Village of Citrus Grove,525000,250250,152
S65V.44,2026-05-03,5919 WALTERS CT,The Village of St. Catherine,398000,250205,152
L43V.38,2026-05-03,6573 MASON PL,The Village of Newell,369000,250220,152
L83V.3,2026-05-03,495 VERLANDER ST,The Village of Dabney,530000,250245,152
M218.1,2026-05-04,17339 SE 84TH FOXGROVE AVE,The Village of Briar Meadow,1250000,250140,151
S71.227,2026-05-04,740 WINIFRED WAY,The Village of Winifred,459000,250238,151
S157.119,2026-05-04,2108 BEECHER PATH,The Village of Buttonwood,455000,250231,151
S126V.17,2026-05-04,4669 RAMSELL RD,The Village of DeLuna,382500,250229,151
S121V.9,2026-05-04,3261 MABEL TER,The Village of DeLuna,279316,250254,151
S71V.132,2026-05-04,6363 DANIELSON LOOP,The Village of Citrus Grove,454900,250230,151
S72V.18,2026-05-04,658 PAXTON CT,The Village of Citrus Grove,999999,250251,151
S88V.46,2026-05-04,1391 FRAZIER WAY,The Village of Hawkins,774900,250243,151
S94V.24,2026-05-04,5565 MELVIN DR,The Village of Hawkins,864900,250178,151
S114V.15,2026-05-04,3943 MUNFORD TER,The Village of Richmond,339700,250211,151
S29.16,2026-05-05,2463 TAMARINDO DR,The Village Santiago,375000,249807,150
S607.97,2026-05-05,1402 CONCHAS DR,The Village Santiago,344000,250249,150
L6.1065,2026-05-05,1006 PARKER PL,The Village of Silver Lake,227400,250221,150
S701.12,2026-05-05,1003 RIDGEVILLE RD,The Village of Sabal Chase,299000,250244,150
S141.209,2026-05-05,2361 INDIA HOOK TER,The Village of Bonita,529500,250209,150
S148.6,2026-05-05,1824 DUTCHESS LOOP,The Village of St. Charles,449000,250067,150
S817.27,2026-05-05,2084 PINK BLOSSOM CT,The Village of St. Charles,379900,250256,150
S817.52,2026-05-05,1795 WILDFLOWER PL,The Village of St. Charles,369000,250154,150
S833.231,2026-05-05,11220 ROZ WAY,Oxford Oaks - Family Neighborhood,747727,250151,150
S125V.17,2026-05-05,3418 NISBET LOOP,The Village of DeLuna,424976,250226,150
S99V.76,2026-05-05,2404 YOUNGMANN LOOP,The Village of St. Johns,624900,250171,150
S114V.86,2026-05-05,3985 KANAWHA PL,The Village of Richmond,339000,250265,150
L41V.57,2026-05-05,6420 BRIDGET AVE,The Village of Newell,379555,250210,150
L44V.34,2026-05-05,1687 COLLEEN CT,The Village of Newell,499555,250183,150
S26.91,2026-05-06,1913 AUGUSTINE DR,The Village Santo Domingo,339900,250122,149
S71.192,2026-05-06,1787 WINTHROP TER,The Village of Winifred,379000,250185,149
S651.53,2026-05-06,2689 CRAVEN WAY,The Village of Lynnhaven,299000,250233,149
S813.29,2026-05-06,1980 PEACEFUL PL,The Village of St. James,315000,250282,149
S179.108,2026-05-06,3176 BELCHERRY LOOP,The Village of Charlotte,475000,250168,149
S733.52,2026-05-06,1972 CROMER PL,The Village of Linden,305000,250257,149
S203V.22,2026-05-06,7732 GRIFFIN LN,The Village of Moultrie Creek,399000,250232,149
S214V.13,2026-05-06,7454 BOYSO TER,The Village of Moultrie Creek,339900,250286,149
L8.1575,2026-05-07,1736 MAGNOLIA AVE,The Village of Country Club Hills,279900,250266,148
S9.49,2026-05-07,1162 SAN JUAN DR,The Village Hacienda,535000,250267,148
S41.251,2026-05-07,1836 CAPTIVA CT,The Village of Belle Aire,269900,250131,148
S76.39,2026-05-07,560 SMITHFIELD PL,The Village of Belvedere,415000,250258,148
S725.12,2026-05-07,2470 LEWIS LN,The Village of Marsh Bend,305000,249871,148
S725.28,2026-05-07,5449 WEAVER AVE,The Village of Marsh Bend,290000,249867,148
S117V.121,2026-05-07,3054 SENTELL ST,The Village of DeLuna,374054,249937,148
S73V.69,2026-05-07,6110 COLLOPY PL,The Village of Citrus Grove,609000,250073,148
S107V.29,2026-05-07,2863 CHARITY LOOP,The Village of Richmond,275000,250301,148
L41V.88,2026-05-07,1986 OPPENHEIMER CT,The Village of Newell,545000,250285,148
L75V.2,2026-05-07,7410 KIERSTIN CT,The Village of Dabney,279850,250271,148
S183V.26,2026-05-07,6260 PABLO CT,The Village of Well Point,600000,250213,148
S33.231,2026-05-08,3160 HILLSIDE LN,The Village of Glenbrook,810436,250315,147
S4.43,2026-05-08,252 JUAREZ WAY,The Village Rio Ponderosa,319621,250279,147
S29.35,2026-05-08,2417 TAMARINDO DR,The Village Santiago,530000,250314,147
L12.3112,2026-05-08,548 RAINBOW BLVD,The Village of Silver Lake,248000,250317,147
S8F.43,2026-05-08,2675 LYALL LOOP,The Village of Fenney,600000,250240,147
S16V.65,2026-05-08,2328 STIVENDER PL,The Village of McClure,569900,250296,147
S43V.16,2026-05-08,5936 STORMS AVE,The Village of Linden,899900,250295,147
S116V.4,2026-05-08,4477 ELIJAH LOOP,The Village of DeLuna,389900,250278,147
S85V.18,2026-05-08,5504 ANTHONY TER,The Village of Hawkins,285555,250273,147
S91V.56,2026-05-08,1479 JOSHUA CT,The Village of Hawkins,279000,250241,147
S101V.26,2026-05-08,2431 WITTMAN PL,The Village of St. Johns,309000,250280,147
S606.33,2026-05-09,1102 LIENDO LN,The Village Santiago,359000,250260,146
S23.180,2026-05-09,1511 AQUINO LN,The Village Santo Domingo,325000,249809,146
S657.10,2026-05-09,1034 COTTAGE DR,The Village of Lake Sumter Landing,1299000,250051,146
S127.272,2026-05-09,293 ELWICK LN,The Village of Amelia,299900,250305,146
S709.45,2026-05-09,2507 MARIEL WAY,The Village of Hemingway,334900,250070,146
S214.98,2026-05-09,3234 ORANGEDALE TER,The Village of Gilchrist,429900,249998,146
S623.25,2026-05-09,2954 KNAPP ST,The Village of Fenney,319000,250307,146
S17V.18,2026-05-09,2126 CANNON LOOP,The Village of McClure,888000,250300,146
S718.7,2026-05-09,6070 NEILSON CT,The Village of McClure,475000,250281,146
S63V.23,2026-05-09,5750 MUSTART CT,The Village of St. Catherine,229900,250310,146
S65V.28,2026-05-09,5926 WALTERS CT,The Village of St. Catherine,359900,250329,146
S98V.58,2026-05-09,4981 OKAHUMPKA RUN,The Village of St. Johns,459900,250247,146
L48V.82,2026-05-09,1738 VANBECK CIR,The Village of Newell,849000,250176,146
S290V.5,2026-05-09,6395 DENISE DR,The Village of Oak Hollow,829000,250283,146
S246V.1,2026-05-09,1233 CROUCH DR,The Village of Waters Edge,649000,250321,146
S162V.7,2026-05-09,6475 EDENFIELD RUN,The Village of Edenfield,1397000,250138,146
L8.1905,2026-05-10,1827 W SCHWARTZ BLVD,The Village of Country Club Hills,149900,250288,145
S40.16,2026-05-10,1581 NORFOLK AVE,The Village of Belle Aire,950000,250227,145
S92.137,2026-05-10,1578 OLAR CT,The Village of Sunset Pointe,475000,250275,145
S673.72,2026-05-10,2000 GRAY CT,The Village of Largo,309000,250246,145
S159.79,2026-05-10,2392 HOOK HOLLOW TER,The Village of Tamarind Grove,349900,250184,145
S966.125,2026-05-10,3751 HALLOY LN,The Village of Collier at Antrim Dells,475000,250306,145
M233.22,2026-05-10,16969 SE 74TH SOULLIERE AVENUE,The Village of Chatham at Soulliere,399000,250302,145
S74V.116,2026-05-10,6124 SINGH LN,The Village of Citrus Grove,419000,250325,145
S109V.37,2026-05-10,4248 MCCLOY AVE,The Village of Richmond,547900,250284,145
L46V.17,2026-05-10,6661 GEIGER LN,The Village of Newell,259733,250228,145
L50V.4,2026-05-10,6481 GAVANNI ST,The Village of Newell,379900,250332,145
S219V.60,2026-05-10,1473 COWART CIR,The Village of Shady Brook,485000,250268,145
S13A.16,2026-05-11,2031 ALLENDE AVE,The Village de Allende,775000,250319,144
S67V.43,2026-05-11,6067 GUY TER,The Village of Citrus Grove,244900,250272,144
S107V.31,2026-05-11,2873 CHARITY LOOP,The Village of Richmond,264000,250207,144
S188V.37,2026-05-11,6570 LITTLEJOHN LOOP,The Village of Oak Hollow,439711,250297,144
L8.1668,2026-05-12,714 ORCHID ST,The Village of Country Club Hills,299000,250342,143
L10.2406,2026-05-12,1528 DORAL CIR,The Village of Country Club Hills,184900,250349,143
L17.5577,2026-05-12,518 ALCAZAR CT,The Village Mira Mesa,299900,250324,143
L10.2042,2026-05-12,710 TURNBERRY LN,The Village of Silver Lake,179900,250274,143
L12.3069,2026-05-12,539 RAINBOW BLVD,The Village of Silver Lake,209900,250334,143
S236.37,2026-05-12,412 CALVERT TER,The Village of Belvedere,289900,250331,143
S174.32,2026-05-12,1472 BRIER CREEK CIR,The Village of Bridgeport at Laurel Valley,1325000,250106,143
L29.67,2026-05-12,3275 BURNS DR,The Village of Pine Hills,549900,250338,143
S108V.17,2026-05-12,4344 BROAD ST,The Village of Richmond,298000,250320,143
L63V.73,2026-05-12,1386 GUILLERMINA LOOP,The Village of Lake Denham,550000,250345,143
S213V.60,2026-05-12,1681 STRUTHERS LN,The Village of Moultrie Creek,585000,250148,143
S223V.23,2026-05-12,1536 PJ MARTIN CT,The Village of Shady Brook,315000,250347,143
S802.57,2026-05-13,1023 BLUE HERON AVE,The Village of Bridgeport - Edgewater,645000,250360,142
S942.57,2026-05-13,848 SAPPHIRE PL,The Village of Charlotte,424900,250199,142
S959.64,2026-05-13,3433 ALWYNE AVE,The Village of Collier,284500,250299,142
S7F.3,2026-05-13,2560 CARUTHERS PATH,The Village of DeSoto,1075000,250318,142
S739.3,2026-05-13,6052 CHASE CT,The Village of Monarch Grove,309000,250340,142
S65V.29,2026-05-13,5922 WALTERS CT,The Village of St. Catherine,395000,250358,142
S222V.87,2026-05-13,1566 ANDREW MACHOL CT,The Village of Shady Brook,539900,250298,142
S234V.21,2026-05-13,7485 HEGLER ST,The Village of Waters Edge,299000,250356,142
L8.1874,2026-05-14,1838 W SCHWARTZ BLVD,The Village of Country Club Hills,274900,250372,141
S19.81,2026-05-14,2001 CRISTO RD,The Village Santo Domingo,312500,250350,141
S170.222,2026-05-14,2029 DALECROFT TRL,The Village of Buttonwood,549900,250374,141
S955.39,2026-05-14,2594 LINDEWOOD ST,The Village of Collier,339900,250371,141
S237.16,2026-05-14,1483 WALNUT WAY,The Village of Dunedin,549000,250339,141
L32.31,2026-05-14,851 KAUSKA WAY,The Village of Pine Hills,995000,250365,141
S9F.87,2026-05-14,2955 GLENDA PL,The Village of Fenney,535000,250326,141
S33V.27,2026-05-14,5773 HENRY LOOP,The Village of Linden,529900,250311,141
S42V.55,2026-05-14,5941 FLINT LOOP,The Village of Monarch Grove,387387,250368,141
S44A.18,2026-05-14,1069 WILDER PATH,The Village of Chitty Chatty,1095000,250327,141
S628.34,2026-05-14,5746 BRENNAN CT,The Village of Hammock at Fenney,429900,249993,141
S84V.42,2026-05-14,1286 MEAD PL,The Village of Hawkins,624900,250291,141
S88V.51,2026-05-14,1349 FRAZIER WAY,The Village of Hawkins,1349000,250330,141
S49V.115,2026-05-14,5692 UMLAND LN,The Village of St. Catherine,674900,250370,141
S203V.25,2026-05-14,7748 GRIFFIN LN,The Village of Moultrie Creek,420000,250262,141
S609.100,2026-05-15,3033 MACON CT,The Village of Belle Aire,495000,250328,140
M222.133,2026-05-15,7871 SE 173RD PANORAMA PL,The Village of Chatham,199800,250396,140
S641.27,2026-05-15,487 GOOD HOPE WAY,The Village of Bonnybrook,419000,250352,140
S652.69,2026-05-15,2472 KINGSTREE PL,The Village of Lynnhaven,279900,250388,140
S108.3,2026-05-15,1272 SPARTANBURG WAY,The Village of Virginia Trace,499000,250117,140
S105.50,2026-05-15,1265 RUSSELL LOOP,The Village of Bridgeport at Lake Sumter,895000,250322,140
S128.146,2026-05-15,1882 JENKINS CT,The Village of Amelia,574000,250343,140
S815.49,2026-05-15,1802 HALLANDALE LN,The Village of St. Charles,279900,250366,140
S168.28,2026-05-15,1895 LAKE RIDGE DR,The Village of Pennecamp,1595000,250309,140
S966.27,2026-05-15,3930 E TORCH LAKE DR,The Village of Collier at Antrim Dells,669000,250362,140
S969.166,2026-05-15,3480 LEELANAU CT,The Village of Collier at Alden Bungalows,548000,250389,140
L25.118,2026-05-15,1092 INCORVAIA WAY,The Village of Pine Ridge,599900,250333,140
S29V.47,2026-05-15,5060 SANWALD ST,The Village of Marsh Bend,469900,250385,140
S132V.6,2026-05-15,4279 TIEDEMANN LOOP,The Village of DeLuna,450000,250169,140
S13F.12,2026-05-15,3578 ADAMSVILLE AVE,The Village of Hammock at Fenney,949800,250264,140
S235V.42,2026-05-15,1220 CHIASSON AVE,The Village of Waters Edge,279900,250344,140
S36.181,2026-05-16,816 ARCHER AVE,The Village of Polo Ridge,429900,250386,139
L5.718,2026-05-16,1107 DUSTIN DR,The Village of Silver Lake,160000,250391,139
S648.3,2026-05-16,2134 JASPER WAY,The Village of Ashland,498800,250383,139
S969.55,2026-05-16,2835 CHARLEVOIX ST,The Village of Collier at Alden Bungalows,515000,250400,139
L28.2,2026-05-16,3164 BRINE WAY,The Village of Pine Ridge,365000,249675,139
L32.118,2026-05-16,838 WIECHENS WAY,The Village of Pine Hills,409000,250399,139
S734.41,2026-05-16,5674 HERMAN AVE,The Village of Linden,369000,250363,139
S112V.95,2026-05-16,2759 CARYTOWN LOOP,The Village of Richmond,409900,250387,139
L53V.3,2026-05-16,6647 MARY LOOP,The Village of Newell,449000,250242,139
L81V.45,2026-05-16,541 LAKE CREEK CIR,The Village of Dabney,1480117,250263,139
S203V.6,2026-05-16,7781 GRIFFIN LN,The Village of Moultrie Creek,519000,250369,139
S31.180,2026-05-17,2735 PRIVADA DR,The Village Alhambra,339900,250248,138
L23.6202,2026-05-17,1012 AMARILLO PL,The Village La Zamora,429789,250393,138
S127.253,2026-05-17,305 MERCER WAY,The Village of Amelia,279000,250147,138
S217.121,2026-05-17,1606 TANGO ST,The Village of Hillsborough,525000,250353,138
S135V.26,2026-05-17,3398 MELISSA LN,The Village of DeLuna,265000,250354,138
S222V.35,2026-05-17,8041 CARMEN RENE WAY,The Village of Shady Brook,1100000,250379,138
S230V.26,2026-05-17,1408 HEARNS LOOP,The Village of Shady Brook,434500,250335,138
L103.39,2026-05-18,1055 AVENIDA SONOMA,The Village of Spanish Springs,495000,250377,137
S134.1,2026-05-18,2327 DUNKIRK TRL,The Village of Hadley,749900,250336,137
S828.91,2026-05-18,1241 MERRYWEATHER WAY,The Village of Bridgeport-Creekside Landing,750000,250422,137
S110V.54,2026-05-18,4266 LIBBIE LN,The Village of Richmond,850000,250411,137
S111V.16,2026-05-18,2875 DOCK ST,The Village of Richmond,599000,250381,137
S233V.38,2026-05-18,7534 HINDE PL,The Village of Waters Edge,280000,250421,137
L8.1698,2026-05-19,819 ORCHID ST,The Village of Country Club Hills,179700,250303,136
L8.1699,2026-05-19,1802 DAFFODILL LN,The Village of Country Club Hills,225000,250135,136
L22.6054,2026-05-19,907 PASADENA WAY,The Village La Reynalda,339555,250109,136
S67.162,2026-05-19,3722 AUBURNDALE AVE,The Village of Summerhill,429900,250137,136
S46V.132,2026-05-19,5440 DRAY DR,The Village of Bradford,579000,250424,136
S71V.28,2026-05-19,6230 DANIELSON LOOP,The Village of Citrus Grove,1295000,250418,136
S65V.20,2026-05-19,674 WHITED LN,The Village of St. Catherine,397500,250433,136
S211V.27,2026-05-19,1815 REECE PATTERSON DR,The Village of Moultrie Creek,349900,250407,136
S237V.115,2026-05-19,1185 LONGENECKER LOOP,The Village of Waters Edge,534000,250419,136
L4.425,2026-05-20,921 TARRSON BLVD,The Village of Silver Lake,239900,250364,135
M48.1,2026-05-20,17608 SE 92ND GRANTHAM TER,The Village of Springdale,365900,250417,135
S681.56,2026-05-20,2128 SMOAKS ST,The Village of Tall Trees,414000,250434,135
S713.10,2026-05-20,2457 FOSGATE PL,The Village of Hadley,369000,250395,135
S208.58,2026-05-20,1238 THUNDERBIRD WAY,The Village of Fernandina,529900,250380,135
S223.189,2026-05-20,3348 KENNEDY AVE,The Village of Collier,525000,250428,135
S2.192,2026-05-21,711 LISBON LN,The Village Rio Grande,394900,250429,134
S242.65,2026-05-21,2614 ASCOT LOOP,The Village of Belvedere,275000,250445,134
S92.77,2026-05-21,1706 NELSON TER,The Village of Sunset Pointe,929900,250413,134
S148.4,2026-05-21,1836 DUTCHESS LOOP,The Village of St. Charles,423700,250449,134
S813.48,2026-05-21,2050 FAIRVIEW LN,The Village of St. James,300000,250432,134
S183.108,2026-05-21,451 POMEGRANATE PATH,The Village of Labelle,525000,250431,134
S127V.52,2026-05-21,3309 DAVIS TER,The Village of DeLuna,289000,250408,134
S87V.55,2026-05-21,5422 THOME LOOP,The Village of Hawkins,369500,250450,134
L46V.38,2026-05-21,6676 SERWATT ST,The Village of Newell,293000,250426,134
S238V.22,2026-05-21,7494 NORMAN RUN,The Village of Shady Brook,879000,250348,134
S235V.6,2026-05-21,1231 CHIASSON AVE,The Village of Waters Edge,310000,250378,134
S818.88,2026-05-22,1939 ADAIR LN,The Village of Pennecamp,419000,250458,133
S206.156,2026-05-22,3198 LAFAYETTE ST,The Village of Fernandina,529000,250401,133
S944.41,2026-05-22,3353 EMPIRE AVE,The Village of Fernandina,294999,250415,133
L38.47,2026-05-22,3127 HUTCHESON WAY,The Village of Pine Ridge,709000,250462,133
S17V.48,2026-05-22,2193 CANNON LOOP,The Village of McClure,409900,250394,133
S723.49,2026-05-22,2252 BERRY LN,The Village of Marsh Bend,385000,250253,133
S207V.84,2026-05-22,7721 MERCADANTE AVE,The Village of Moultrie Creek,419000,250447,133
S1M.162,2026-05-23,2599 DIRKSEN CT,Middleton - Family Neighborhood,439900,250096,132
L5.691,2026-05-23,1112 DUSTIN DR,The Village of Silver Lake,309995,250255,132
S118.176,2026-05-23,1679 DUFFY LOOP,The Village of Sabal Chase,429900,250456,132
S202.95,2026-05-23,3580 VALLEYBROOK WAY,The Village of Dunedin,498900,250420,132
M53.110,2026-05-24,17574 SE 88TH COVINGTON CIR,The Village of Springdale,885000,250474,131
M222.54,2026-05-24,17382 SE 77TH HELMSDALE CT,The Village of Chatham,229850,250459,131
S713.26,2026-05-24,2402 SAFFRON LN,The Village of Hadley,397000,250382,131
S969.39,2026-05-24,2909 CHARLEVOIX ST,The Village of Collier at Alden Bungalows,549000,250448,131
S833.279,2026-05-24,11359 ZIMMERMAN PATH,Oxford Oaks - Family Neighborhood,449500,250425,131
S620.30,2026-05-24,5852 UNGER CT,The Village of DeSoto,325000,250468,131
S39V.80,2026-05-24,1641 KNUDSON RUN,The Village of Monarch Grove,390000,250398,131
S740.13,2026-05-24,6044 MARLATT CT,The Village of Monarch Grove,385700,250437,131
S205V.28,2026-05-24,1996 VERI LOOP,The Village of Moultrie Creek,974500,250367,131
S1M.127,2026-05-24,7627 BARONE TER,Middleton - Family Neighborhood,669800,250403,131
S219V.51,2026-05-24,7625 CHRIS CORLEY LOOP,The Village of Shady Brook,829900,250475,131
S237V.68,2026-05-24,7414 SHAWN SCOTT RUN,The Village of Waters Edge,1999000,250316,131
S208.79,2026-05-25,1334 QUAIL CT,The Village of Fernandina,647750,250454,130
S235H.55,2026-05-25,1451 LEISURE ST,The Village of Lake Deaton,899900,250435,130
S966.158,2026-05-25,2430 TOLLESON TRL,The Village of Collier at Antrim Dells,585000,250452,130
L60V.63,2026-05-25,1645 MCLUCAS LN,The Village of Lake Denham,449000,250478,130
S1M.166,2026-05-25,2590 DIRKSEN CT,Middleton - Family Neighborhood,443000,250438,130
S74V.138,2026-05-26,6075 MULLIGAN RUN,The Village of Citrus Grove,987900,250487,129
S65V.22,2026-05-26,682 WHITED LN,The Village of St. Catherine,449999,250460,129
S114V.6,2026-05-26,2810 VENABLE CT,The Village of Richmond,319000,250473,129
S634.112,2026-05-26,2968 FAIR OAK TER,The Village of Belle Aire,360000,250439,129
S22.240,2026-05-26,1211 EL ESPARZA LN,The Village Santo Domingo,312000,250441,129
S120.80,2026-05-27,1123 MAGRATH WAY,The Village of Sabal Chase,527500,250495,128
S738.10,2026-05-27,6052 BUDNY AVE,The Village of Monarch Grove,289000,249986,128
L65V.6,2026-05-27,7078 EMILINE TER,The Village of Lake Denham,998500,250443,128
L61V.7,2026-05-27,1606 RHOADS CT,The Village of Lake Denham,399000,249273,128
L78V.4,2026-05-27,685 ROSEMONT LOOP,The Village of Dabney,399500,250442,128
S41.140,2026-05-28,3264 ROANOKE ST,The Village of Belle Aire,350000,250486,127
S19.100,2026-05-28,2014 CORDERO CT,The Village Santo Domingo,289000,250489,127
M55.24,2026-05-28,17278 SE 85TH WILLOWICK CIR,The Village of Briar Meadow,649897,250059,127
M229.15,2026-05-28,8712 SE 166TH BIRCHBROOK LOOP,The Village of Briar Meadow,399987,249844,127
S954.55,2026-05-28,3505 HABERSHAM CT,The Village of Collier,499814,250476,127
S186.95,2026-05-28,3495 BOARDROOM TRL,The Village of Labelle,359000,250483,127
L33.169,2026-05-28,996 VAUGHN WAY,The Village of Pine Hills,770000,250502,127
S18V.31,2026-05-28,2158 BILLER CIR,The Village of McClure,569000,250506,127
S973.60,2026-05-28,3554 FARRELL AVE,The Village of Collier at Atwood Bungalows,499900,250496,127
S25V.51,2026-05-28,2685 AVIDON LN,The Village of Marsh Bend,1595000,250410,127
S71V.168,2026-05-28,587 JAMES RD,The Village of Citrus Grove,434900,250453,127
S139V.8,2026-05-28,3816 STEPHANIE WAY,The Village of Hammock at Fenney,360000,250503,127
L56V.136,2026-05-28,7022 MINCHEW CIR,The Village of Lake Denham,549000,250479,127
L64V.37,2026-05-28,1428 KENNETH ST,The Village of Lake Denham,390000,250359,127
S216V.1,2026-05-28,1791 BRODY CT,The Village of Moultrie Creek,318750,250466,127
S2M.199,2026-05-28,7647 HENDREN AVE,Middleton - Family Neighborhood,360000,250481,127
S606.47,2026-05-29,1130 SANTA CRUZ DR,The Village Santiago,274800,250470,126
S137.140,2026-05-29,830 CHAPMAN LOOP,The Village of Hemingway,399000,250484,126
S156.57,2026-05-29,2150 ODESSA CIR,The Village of Tamarind Grove,649000,250510,126
S163.110,2026-05-29,1998 KNOTTY PINE TER,The Village of Buttonwood,525000,250514,126
S947.16,2026-05-29,598 KNIGHTSBRIDGE PL,The Village of Charlotte,344900,249879,126
S833.54,2026-05-29,3104 CARTER PATH,Oxford Oaks - Family Neighborhood,449999,250404,126
S105V.133,2026-05-29,4497 SHOCKOE CIR,The Village of Richmond,574900,250513,126
S3M.54,2026-05-29,7846 GERSHANECK CIR,Middleton - Family Neighborhood,625000,250515,126
S218V.24,2026-05-29,7772 SYDNEY CT,The Village of Shady Brook,738000,250485,126
S98.120,2026-05-30,2287 JUDSON ST,The Village of Liberty Park,339900,250492,125
S681.11,2026-05-30,2138 CHERRY VALE PL,The Village of Tall Trees,419000,250451,125
S236H.102,2026-05-30,3743 UNDERBRUSH TRL,The Village of Lake Deaton,499600,250516,125
S33V.44,2026-05-30,5768 HENRY LOOP,The Village of Linden,719555,250501,125
S739.31,2026-05-30,6047 ALLEN AVE,The Village of Monarch Grove,329900,250522,125
S96V.48,2026-05-30,5460 LACROIX TER,The Village of St. Johns,384117,250497,125
S212V.21,2026-05-30,7594 COUSINO CT,The Village of Moultrie Creek,299900,250467,125
S2M.143,2026-05-30,2730 ALDER AVE,Middleton - Family Neighborhood,579444,250517,125
S144V.61,2026-05-30,1972 MACPHAIL PL,The Village of Well Point,479000,250500,125
L6.820,2026-05-31,1009 MATTHEW AVE,The Village of Silver Lake,159000,250528,124
M53.66,2026-05-31,17507 SE 88TH COVINGTON CIR,The Village of Springdale,649000,250212,124
S120.81,2026-05-31,1115 MAGRATH WAY,The Village of Sabal Chase,459900,250509,124
S2F.46,2026-05-31,5648 CEDAR WAXWING DR,The Village of Fenney,289900,250409,124
S18V.22,2026-05-31,2130 BILLER CIR,The Village of McClure,1200000,250472,124
S71V.146,2026-05-31,6173 DANIELSON LOOP,The Village of Citrus Grove,639900,250493,124
S37.154,2026-06-01,1288 DEERFIELD LN,The Village of Glenbrook,416900,250361,123
S166.118,2026-06-01,2004 ASHWOOD RUN,The Village of Pennecamp,347711,250535,123
S719.40,2026-06-01,2096 SCHULZ WAY,The Village of McClure,672458,250519,123
S736.15,2026-06-01,1808 TRIMARCHE TER,The Village of Monarch Grove,449900,250547,123
S135V.17,2026-06-01,3423 POSSEHL PL,The Village of DeLuna,240500,250488,123
S114V.2,2026-06-01,3987 MANCHESTER AVE,The Village of Richmond,358800,250531,123
L61V.5,2026-06-01,7145 HOYT RD,The Village of Lake Denham,489000,250542,123
L71V.27,2026-06-01,7255 ANNISON TER,The Village of Lake Denham,265000,250539,123
L7.1134,2026-06-02,1503 W SCHWARTZ BLVD,The Village of Country Club Hills,219900,250555,122
L13.3260,2026-06-02,1411 LINDSEY LN,The Village of Orange Blossom Gardens,219000,250494,122
M44.192,2026-06-02,17964 SE 88TH GRIMBALL AVE,The Village of Piedmont,525000,250518,122
S644.9,2026-06-02,433 CANTERBURY CT,The Village of Belvedere,305000,250559,122
S971.31,2026-06-02,644 CABRERA CT,Haciendas of Mission Hills,675000,250498,122
S108V.6,2026-06-02,2962 DORIS CT,The Village of Richmond,309000,250427,122
M225.78,2026-06-03,7613 SE 170TH LONGVIEW LN,The Village of Calumet Grove,340000,250569,121
S147.135,2026-06-03,2704 PERSIMMON LOOP,The Village of Duval,499000,250540,121
S825.10,2026-06-03,2085 COUNTRYWIND CT,The Village of Tamarind Grove,449000,250560,121
S194.211,2026-06-03,4362 WATCH HILL ST,The Village of Osceola Hills,499500,250520,121
L34.65,2026-06-03,3319 VELTRE WAY,The Village of Pine Hills,649800,250405,121
S127V.33,2026-06-03,3324 DAVIS TER,The Village of DeLuna,319000,250551,121
S60V.10,2026-06-03,5201 BUCK ST,The Village of Bradford,1196000,250567,121
S100V.33,2026-06-03,2363 ELIN PL,The Village of St. Johns,319000,250570,121
S244V.50,2026-06-03,7332 GERVASI DR,The Village of Waters Edge,579000,250557,121
S4.258,2026-06-04,1403 CRUZ CT,The Village Rio Ponderosa,279000,250584,120
S649.57,2026-06-04,2344 RILEY RD,The Village of Ashland,309000,250585,120
S971.10,2026-06-04,580 BERMUDEZ CT,Haciendas of Mission Hills,599000,250533,120
S833.160,2026-06-04,3323 ROHAN RD,Oxford Oaks - Family Neighborhood,339621,250541,120
S719.62,2026-06-04,2167 SCHULZ WAY,The Village of McClure,439900,250578,120
S728.20,2026-06-04,5009 PRISCILLA LOOP,The Village of Marsh Bend,634900,250187,120
S736.32,2026-06-04,5913 REID RD,The Village of Monarch Grove,695000,250575,120
S31V.103,2026-06-04,2783 ORTON RD,The Village of DeLuna,535000,250530,120
S88V.126,2026-06-04,5756 JOSEPHINE CT,The Village of Hawkins,419900,250527,120
S1M.176,2026-06-04,7591 MERGAERT LN,Middleton - Family Neighborhood,485000,250587,120
S178V.24,2026-06-04,1626 JOWERS CT,The Village of Oak Hollow,329385,250572,120
S227V.67,2026-06-04,7577 DANIEL COLLINS CT,The Village of Shady Brook,499900,250580,120
S237V.66,2026-06-04,7424 SHAWN SCOTT RUN,The Village of Waters Edge,899900,250543,120
M59.98,2026-06-05,8053 SE 174TH LUDLOW PL,The Village of Chatham,349000,250537,119
S105.76,2026-06-05,781 EVANS WAY,The Village of Bridgeport at Lake Sumter,1175000,250521,119
S189.173,2026-06-05,752 VIBRANT LN,Osceola Hills at Soaring Eagle Preserve,1079000,250562,119
S956.5,2026-06-05,698 BEAUCLAIR PL,Osceola Hills at Soaring Eagle Preserve,399000,250582,119
S120V.46,2026-06-05,4410 GARCHINSKY AVE,The Village of DeLuna,359900,250563,119
S136V.53,2026-06-05,4123 SILVANA WAY,The Village of DeLuna,260000,250574,119
S137V.44,2026-06-05,4318 SILVANA WAY,The Village of DeLuna,345000,250287,119
S56V.78,2026-06-05,5951 ROUDELL WAY,The Village of St. Catherine,599000,250581,119
L65V.120,2026-06-05,6988 SUGAR CREEK PATH,The Village of Lake Denham,349900,250544,119
S4M.5,2026-06-05,7402 JELANI WAY,Middleton - Family Neighborhood,550000,250576,119
S232V.41,2026-06-05,7489 SHAWN SCOTT RUN,The Village of Waters Edge,499190,250554,119
L16.5297,2026-06-06,843 CORTEZ AVE,The Village El Cortez,335900,250592,118
S673.60,2026-06-06,934 EHRHARDT PL,The Village of Largo,329900,250579,118
S194.224,2026-06-06,4425 SPRINGDALE PATH,The Village of Osceola Hills,419000,250573,118
S7F.41,2026-06-06,6094 DELPHINA LOOP,The Village of DeSoto,445900,250588,118
S34V.7,2026-06-06,1857 BEGAN PL,The Village of Linden,519987,250526,118
S735.26,2026-06-06,1671 SUSAN AVE,The Village of Monarch Grove,314900,250594,118
S58V.74,2026-06-06,6123 BARLEY PATH,The Village of Citrus Grove,1250000,250556,118
S65V.49,2026-06-06,5942 RENEE TER,The Village of St. Catherine,459000,250550,118
L46V.1,2026-06-06,6659 SERWATT ST,The Village of Newell,329000,250558,118
L56V.13,2026-06-06,6897 BAYSINGER PATH,The Village of Lake Denham,749000,250583,118
S212V.12,2026-06-06,1862 COLE PL,The Village of Moultrie Creek,299000,250561,118
S4M.212,2026-06-06,2316 HOBKIRK LOOP,Middleton - Family Neighborhood,233347,250589,118
L13.3426,2026-06-07,1149 PARADISE DR,The Village of Country Club Hills,256000,250538,117
L78.27,2026-06-07,1204 BOWER LN,Spring Arbor - Family Neighborhood,549900,249853,117
S134.39,2026-06-07,2612 LANDALE LOOP,The Village of Hadley,354900,250397,117
S172.24,2026-06-07,878 MISTY CT,The Village of Hemingway,425000,250599,117
S168.66,2026-06-07,2148 HORIZON RUN,The Village of Pennecamp,1599000,250590,117
S728.18,2026-06-07,5019 PRISCILLA LOOP,The Village of Marsh Bend,559000,250609,117
S30.51,2026-06-08,2607 CARIBE DR,The Village Santiago,539000,250313,116
S71.158,2026-06-08,1851 OXFORD LN,The Village of Winifred,359000,250586,116
S654.39,2026-06-08,2006 JOHNSON CT,The Village of Liberty Park,314990,250623,116
S240V.26,2026-06-08,1612 YOLANDA LN,The Village of Shady Brook,729007,250597,116
L8.1923,2026-06-09,820 HIBISCUS DR,The Village of Country Club Hills,234900,250553,115
S225.97,2026-06-09,2044 ALTAIR PATH,The Village of Pinellas,510800,250636,115
S220.110,2026-06-09,3556 WYNGATE PL,The Village of Hillsborough,474900,250536,115
S204.49,2026-06-09,3563 IMAGE CT,The Village of Dunedin,824000,250511,115
S833.101,2026-06-09,11216 PARDO PL,Oxford Oaks - Family Neighborhood,395000,250351,115
L38.50,2026-06-09,3111 HUTCHESON WAY,The Village of Pine Ridge,845000,250627,115
S14V.16,2026-06-09,6038 DADEO PL,The Village of McClure,875000,250631,115
S724.33,2026-06-09,5408 ZAJAC AVE,The Village of Marsh Bend,309900,250632,115
S62V.57,2026-06-09,5768 KATHLEEN LN,The Village of St. Catherine,524900,250591,115
S125.90,2026-06-10,1145 SAXON CT,The Village of Caroline,485000,250529,114
S681.34,2026-06-10,2169 SMOAKS ST,The Village of Tall Trees,357900,250604,114
S150.69,2026-06-10,2125 FOGGY BROOK LOOP,The Village of St. Charles,399000,250646,114
S827.19,2026-06-10,2485 YALAHA AVE,The Village of St. James,394700,250598,114
S180.34,2026-06-10,691 INNISBROOK PL,The Village of Charlotte,325000,250596,114
S185.13,2026-06-10,397 HARLOW LN,The Village of Labelle,405000,250624,114
S23V.27,2026-06-10,2503 THORNBURG TRL,The Village of Marsh Bend,875000,250612,114
S52V.83,2026-06-10,415 MINCEY LOOP,The Village of St. Catherine,599000,250593,114
S210V.15,2026-06-10,1979 MCMURTRIE LOOP,The Village of Moultrie Creek,1149000,250601,114
S225V.4,2026-06-10,7863 GOLDBERGER LN,The Village of Shady Brook,459900,250471,114
S144V.50,2026-06-10,6237 HANNAN LOOP,The Village of Well Point,498000,250620,114
S690.52,2026-06-11,304 GUIDO AVE,The Village de La Vista,325000,250357,113
S225.99,2026-06-11,2056 ALTAIR PATH,The Village of Pinellas,534900,250644,113
S959.32,2026-06-11,3428 ALWYNE AVE,The Village of Collier,298750,250610,113
S4F.100,2026-06-11,5695 SEA GRAPES WAY,The Village of Fenney,925000,250662,113
S618.14,2026-06-11,5681 SPARTINA TER,The Village of DeSoto,295000,250651,113
S56V.65,2026-06-11,5867 ROUDELL WAY,The Village of St. Catherine,1248000,250622,113
S62V.21,2026-06-11,5712 CHRISTI CT,The Village of St. Catherine,470000,250217,113
L78V.18,2026-06-11,753 CHERRY CREEK WAY,The Village of Dabney,1135000,250525,113
S225V.34,2026-06-11,7886 GOLDBERGER LN,The Village of Shady Brook,649900,250626,113
S224V.31,2026-06-11,1596 JOYCE HUGHES WAY,The Village of Shady Brook,369000,250639,113
S33.48,2026-06-12,1637 OAK FOREST DR,The Village of Glenbrook,725000,250615,112
S131.150,2026-06-12,2185 DARWIN TER,The Village of Amelia,329900,250621,112
S94.70,2026-06-12,1501 TAYLOR LN,The Village of Sunset Ridge at Sunset Pointe,1090000,250638,112
S9F.123,2026-06-12,5854 RUTLAND AVE,The Village of Fenney,635000,250658,112
S118V.18,2026-06-12,3235 JACQUELINE WAY,The Village of DeLuna,684900,250660,112
S130V.10,2026-06-12,4296 GALE LN,The Village of DeLuna,325000,250614,112
L41V.77,2026-06-12,6326 ROWLETTE LOOP,The Village of Newell,389900,250663,112
S219V.71,2026-06-12,1411 COWART CIR,The Village of Shady Brook,489900,250640,112
S219V.127,2026-06-12,7718 JEFF ANDERSON WAY,The Village of Shady Brook,1165000,250595,112
S149V.71,2026-06-12,1647 ROOSA RUN,The Village of Well Point,849900,250648,112
S85.89,2026-06-13,737 WILLINGTON WAY,The Village of Lynnhaven,469900,250654,111
S183.63,2026-06-13,375 PIGEON PL,The Village of Labelle,494900,250565,111
S110V.66,2026-06-13,2834 CHIMBORAZO WAY,The Village of Richmond,989000,250653,111
S108V.2,2026-06-13,2944 DORIS CT,The Village of Richmond,305000,250532,111
L78V.110,2026-06-13,7507 OLDWICK TER,The Village of Dabney,369000,250677,111
S181V.41,2026-06-13,1583 AIDEN AVE,The Village of Oak Hollow,250000,250680,111
S238V.26,2026-06-13,7514 NORMAN RUN,The Village of Shady Brook,489995,250657,111
M44.301,2026-06-14,17835 SE 88TH GRIMBALL AVE,The Village of Piedmont,332000,250602,110
S800.48,2026-06-14,960 BUSTER PL,The Village of Bonita,535000,250659,110
S129V.49,2026-06-14,3350 CREGO CT,The Village of DeLuna,424000,250641,110
S94V.59,2026-06-14,5684 MATANZAS LOOP,The Village of Hawkins,439900,250617,110
S83V.15,2026-06-14,5532 BRETT WAY,The Village of Hawkins,739000,250490,110
S1M.61,2026-06-14,7431 PRIDDY WAY,Middleton - Family Neighborhood,437000,250465,110
S245V.30,2026-06-14,7185 WILKINS RUN,The Village of Waters Edge,599900,250198,110
S130.100,2026-06-15,459 OBOE WAY,The Village of Amelia,369900,250642,109
L33.138,2026-06-15,963 KOLLER CT,The Village of Pine Hills,494500,250191,109
S232V.30,2026-06-15,1251 SAMANTHA SCOTT TRL,The Village of Waters Edge,829000,250687,109
S133.36,2026-06-16,607 PLAINTAIN PATH,The Village of Hadley,439000,250665,108
L5.662,2026-06-16,715 JASON DR,The Village of Silver Lake,189900,250691,108
S171.137,2026-06-16,2339 BEACHWOOD ST,The Village of Bridgeport at Miona Shores,969877,250679,108
S9.183,2026-06-16,1514 CERVANTES PL,The Village Hacienda,625000,250690,108
S821.56,2026-06-16,1727 GALAHAD TER,The Village of Pennecamp,254900,250606,108
S10.152,2026-06-16,817 CAMINO DEL REY DR,The Village Rio Ranchero,263000,250355,108
S718.40,2026-06-16,6049 NEILSON CT,The Village of McClure,399000,250669,108
S210V.5,2026-06-16,2025 MCMURTRIE LOOP,The Village of Moultrie Creek,1699000,250628,108
S663.21,2026-06-17,1074 REIDVILLE RD,The Village of Virginia Trace,324900,250618,107
M44.84,2026-06-17,17858 SE 85TH CAUSTON CT,The Village of Piedmont,399000,250676,107
S713.48,2026-06-17,2421 SAFFRON LN,The Village of Hadley,368000,250670,107
S123.89,2026-06-17,1248 PENDLETON CIR,The Village of Largo,499900,250675,107
S239V.28,2026-06-17,7438 GATES LN,The Village of Shady Brook,315000,250686,107
S3M.105,2026-06-17,7897 BRADEN WAY,Middleton - Family Neighborhood,357500,250652,107
S224.35,2026-06-17,2863 APACHE CT,The Village of Pinellas,879000,250546,107
S20V.49,2026-06-17,2322 DEMARCO DR,The Village of Marsh Bend,459000,250698,107
S750.10,2026-06-17,12041 NE 51ST CIR,Bison Valley - Family Neighborhood,429000,250666,107
S76.16,2026-06-17,2496 MORVEN PARK WAY,The Village of Belvedere,499900,250571,107
S85V.22,2026-06-17,1341 DENAUD PL,The Village of Hawkins,284900,250695,107
S203V.1,2026-06-17,7803 GRIFFIN LN,The Village of Moultrie Creek,975000,250705,107
M228.6,2026-06-17,16625 SE 85TH LANGHAM CT,The Village of Briar Meadow,315000,250673,107
S51V.125,2026-06-18,5686 ALTMAN CT,The Village of St. Catherine,597000,250684,106
S222V.23,2026-06-18,8010 JOEDY CARTER PATH,The Village of Shady Brook,1225000,250717,106
S950.19,2026-06-18,594 FINESSE ST,The Village of Sanibel,410000,250668,106
S198.7,2026-06-18,3209 KILLINGTON LOOP,The Village of Fernandina,975000,250634,106
S115.225,2026-06-19,1508 LYNCHBURG LOOP,The Village of Mallory Square,449900,250721,105
S951.10,2026-06-19,2461 OVERSTREET PL,The Village of Pinellas,269900,250548,105
S220.144,2026-06-19,3571 COSMOS WAY,The Village of Hillsborough,580000,250707,105
S723.33,2026-06-19,5419 WINCHELL CT,The Village of Marsh Bend,399000,250672,105
S724.49,2026-06-19,5420 KATE CT,The Village of Marsh Bend,285000,250477,105
S68V.22,2026-06-19,6226 DINGMAN WAY,The Village of Citrus Grove,424990,250637,105
S99V.7,2026-06-19,2349 DAUGHTRY CT,The Village of St. Johns,469000,250577,105
S102V.21,2026-06-19,4660 MALONE CIR,The Village of St. Johns,1225000,250725,105
S221V.37,2026-06-19,7687 WOODLEY TER,The Village of Shady Brook,349900,250645,105
M217.37,2026-06-20,17498 SE 82ND ROSLYN CT,The Village of Piedmont,459000,250712,104
S971.141,2026-06-20,720 AVECILLA DR,Haciendas of Mission Hills,729000,250709,104
S33V.22,2026-06-20,5787 HENRY LOOP,The Village of Linden,525000,250718,104
S4M.11,2026-06-20,2448 BOWLING TER,Middleton - Family Neighborhood,428500,250728,104
S248V.17,2026-06-20,1181 MAYR PL,The Village of Waters Edge,389000,250667,104
S24.8,2026-06-21,2626 PRIVADA DR,The Village Alhambra,459900,250708,103
S241V.68,2026-06-21,7272 BICKEL DR,The Village of Waters Edge,265352,250710,103
S128.83,2026-06-22,629 INNER CIR,The Village of Amelia,875000,250731,102
S725.36,2026-06-22,2445 SOPER ST,The Village of Marsh Bend,299900,250742,102
S66V.56,2026-06-22,6009 SWICORD ST,The Village of Citrus Grove,594900,250700,102
L56V.81,2026-06-22,6916 WENDY WAY,The Village of Lake Denham,619000,250706,102
S40.45,2026-06-23,3233 HAMPTON LN,The Village of Belle Aire,389900,250732,101
S23.166,2026-06-23,2131 MARGARITA DR,The Village Santo Domingo,307990,250741,101
S74.95,2026-06-23,2051 WILLOW GROVE WAY,The Village of Bonnybrook,395000,250446,101
S971.29,2026-06-23,627 ARRUDA TER,Haciendas of Mission Hills,517711,250457,101
S973.30,2026-06-23,3537 ESSEX COURT,The Village of Collier at Atwood Bungalows,672000,250507,101
L83V.42,2026-06-23,497 LANDS END LN,The Village of Dabney,439000,250746,101
S227V.57,2026-06-23,7557 FRANK DIPIETRO DR,The Village of Shady Brook,544900,250745,101
S242V.3,2026-06-23,7303 CHERYL COOPER TRL,The Village of Waters Edge,585000,250751,101
S12.10,2026-06-24,1810 PALO ALTO AVE,The Village Palo Alto,289727,250726,100
S212.45,2026-06-24,2870 STEPPING STONE PATH,The Village of Gilchrist,879000,250758,100
S234.8,2026-06-24,1895 CROSS HILL DR,The Village of Lake Deaton,899800,250733,100
S104V.14,2026-06-24,4360 STONY RUN,The Village of Richmond,785000,250715,100
S207V.40,2026-06-24,1795 WOELKERS CIR,The Village of Moultrie Creek,409900,250216,100
S232V.13,2026-06-24,7536 SHAWN SCOTT RUN,The Village of Waters Edge,999000,250722,100
S36.119,2026-06-25,3134 ROSWELL RD,The Village of Polo Ridge,874000,250630,99
L3.357,2026-06-25,716 ROYAL PALM AVE,The Village of Silver Lake,259500,250714,99
S97.166,2026-06-25,1341 GREENVILLE WAY,The Village of Liberty Park,339900,250711,99
S139.74,2026-06-25,2682 RADBOURNE WAY,The Village of Hemingway,939800,250768,99
S230.68,2026-06-25,3376 SAGINAW AVE,The Village of Collier,549000,250697,99
S195.173,2026-06-25,4313 TUSCALOOSA PATH,The Village of Osceola Hills,399900,250762,99
L31.97,2026-06-25,3457 CONSERVATION TRL,The Village of Pine Hills,1349000,250749,99
S44A.23,2026-06-25,1031 WILDER PATH,The Village of Chitty Chatty,895000,250611,99
S237V.40,2026-06-25,1280 KOSSEL TRL,The Village of Waters Edge,489000,250778,99
S175V.16,2026-06-25,6380 DON EILEEN TER,The Village of Well Point,879000,250750,99
S695.119,2026-06-26,1703 SONORA ST,The Village de La Vista,239900,250789,98
L3.361,2026-06-26,708 ROYAL PALM AVE,The Village of Silver Lake,184900,250689,98
S135.53,2026-06-26,2515 LINKS CT,The Village of Hadley,925000,250772,98
S151.80,2026-06-26,1926 YANKEE CLIPPER RUN,The Village of St. James,555000,250785,98
S217.14,2026-06-26,3556 AMISH PATH,The Village of Hillsborough,399750,250701,98
S964.61,2026-06-26,3756 VISCAYA CT,The Village of Hillsborough,279900,250694,98
S202.168,2026-06-26,3755 NATURE LN,The Village of Dunedin,499000,250784,98
S74V.9,2026-06-26,5980 MULLIGAN RUN,The Village of Citrus Grove,1595000,250776,98
S139V.32,2026-06-26,3801 STEPHANIE WAY,The Village of Hammock at Fenney,319850,250128,98
S89V.35,2026-06-26,1301 TATE TER,The Village of Hawkins,279000,250786,98
S34.206,2026-06-27,3001 EGERTON PL,The Village of Glenbrook,347900,250804,97
M216.75,2026-06-27,17717 SE 84TH PEYTON CT,The Village of Piedmont,325000,250685,97
S98.3,2026-06-27,1665 BLUFFTON RD,The Village of Liberty Park,339900,250787,97
S118.203,2026-06-27,1741 DUFFY LOOP,The Village of Sabal Chase,399000,250293,97
S222.110,2026-06-27,2164 EVANS PRAIRIE TRL,The Village of Collier,549900,250769,97
S964.70,2026-06-27,3783 IVEY TER,The Village of Hillsborough,329000,250633,97
S235H.2,2026-06-27,1837 WADING HERON WAY,The Village of Lake Deaton,2495000,250760,97
L28.9,2026-06-27,3141 BURNS DR,The Village of Pine Ridge,359000,250688,97
S614.42,2026-06-27,5693 SAND PINE TER,The Village of Fenney,349000,250757,97
S718.52,2026-06-27,6050 FORT TER,The Village of McClure,364900,250763,97
S737.22,2026-06-27,5986 SCARDINO ST,The Village of Monarch Grove,369000,250809,97
S117V.141,2026-06-27,4487 SHANNON LOOP,The Village of DeLuna,499500,250730,97
S744.59,2026-06-27,4654 HILES PL,The Village of Chitty Chatty,599621,250740,97
L65V.73,2026-06-27,1423 CHARSKI CT,The Village of Lake Denham,445000,250756,97
S240V.22,2026-06-27,1637 YOLANDA LN,The Village of Shady Brook,799000,250390,97
S240V.48,2026-06-27,1573 YOLANDA LN,The Village of Shady Brook,699000,250552,97
S224V.1,2026-06-27,1603 JOYCE HUGHES WAY,The Village of Shady Brook,359000,250791,97
S37.92,2026-06-28,1259 NILES CT,The Village of Glenbrook,389900,250779,96
S108.38,2026-06-28,939 CHAPPELLS DR,The Village of Virginia Trace,475000,249683,96
S183.60,2026-06-28,426 INK SPOT WAY,The Village of Labelle,549900,250716,96
S740.50,2026-06-28,1711 ARNOLD RD,The Village of Monarch Grove,259900,250764,96
S2M.16,2026-06-28,2655 CLEVELAND PL,Middleton - Family Neighborhood,520000,250810,96
S3M.28,2026-06-28,7937 BYERS ST,Middleton - Family Neighborhood,587007,250777,96
S632.31,2026-06-29,3490 CAMBRIA CIR,The Village of Summerhill,289900,250819,95
S229.10,2026-06-29,2939 BARTOW LN,The Village of Pinellas,799900,250820,95
S734.23,2026-06-29,1843 PASQUA PL,The Village of Linden,465000,250813,95
S32V.58,2026-06-29,4555 PENNO PL,The Village of DeLuna,589000,250817,95
S5.34,2026-06-30,1615 CARRERA DR,The Village de La Vista,615000,250807,94
S690.29,2026-06-30,1676 GARCIA CT,The Village de La Vista,249000,250799,94
S611.34,2026-06-30,1866 DALTON DR,The Village of Belle Aire,374000,250800,94
S606.92,2026-06-30,1131 SANTA CRUZ DR,The Village Santiago,339000,250830,94
L6.925,2026-06-30,536 JASON DR,The Village of Silver Lake,179900,250767,94
S131.141,2026-06-30,2136 DARWIN TER,The Village of Amelia,299000,250737,94
S147.86,2026-06-30,2781 PERSIMMON LOOP,The Village of Duval,469000,250765,94
S709.44,2026-06-30,2503 MARIEL WAY,The Village of Hemingway,324900,250829,94
S154.74,2026-06-30,2236 HOPESPRING LOOP,The Village of St. James,359900,250822,94
S233.86,2026-06-30,3773 TUDOR TER,The Village of Lake Deaton,725000,250788,94
S202.163,2026-06-30,3762 TULIP TER,The Village of Dunedin,499000,250775,94
L56V.111,2026-06-30,6893 TINA ST,The Village of Lake Denham,369000,250792,94
L15.5076,2026-07-01,1227 LA PALOMA PL,The Village Del Mar,175000,250771,93
S116.150,2026-07-01,487 PRINCETON PL,The Village of Mallory Square,449000,250681,93
S824.41,2026-07-01,2013 KELMSCOTT ST,The Village of St. James,274500,250827,93
S118V.9,2026-07-01,3192 JACQUELINE WAY,The Village of DeLuna,739900,250270,93
S79V.1,2026-07-01,5829 JULIAN LOOP,The Village of Hawkins,584900,250796,93
S219V.29,2026-07-01,7618 KELLEY MARGARET PL,The Village of Shady Brook,389000,250843,93
S225V.19,2026-07-01,1677 AMIDEI PATH,The Village of Shady Brook,1099000,250840,93
L7.1213,2026-07-02,1606 LAUREN LN,The Village of Country Club Hills,137711,250818,92
L89.50,2026-07-02,721 HUDSON LN,Oak Meadows - Family Neighborhood,399000,250859,92
S647.21,2026-07-02,2328 PICKENS PL,The Village of Ashland,299500,250797,92
S719.6,2026-07-02,2170 SCHULZ WAY,The Village of McClure,498000,250780,92
S130V.31,2026-07-02,3099 MELLE PL,The Village of DeLuna,274000,250821,92
S77V.106,2026-07-02,1123 OUTRIDGE LOOP,The Village of Cason Hammock,599000,250833,92
S51V.92,2026-07-02,642 MINCEY LOOP,The Village of St. Catherine,575000,250464,92
L48V.101,2026-07-02,1679 VANBECK CIR,The Village of Newell,424900,250798,92
S235V.22,2026-07-02,7463 TIETJEN LN,The Village of Waters Edge,318000,250862,92
S224.33,2026-07-03,2849 APACHE CT,The Village of Pinellas,879000,250849,91
S190.67,2026-07-03,4015 NOSTALGIA TER,Osceola Hills at Soaring Eagle Preserve,1369000,250832,91
S193.46,2026-07-03,4290 DESKIN LN,The Village of Osceola Hills,514500,250869,91
S8F.48,2026-07-03,2709 LYALL LOOP,The Village of Fenney,649000,250748,91
M233.95,2026-07-03,7354 SE 167TH ZINA LANE,The Village of Chatham at Soulliere,370000,250839,91
S23V.15,2026-07-03,5375 WERDEBAUGH WAY,The Village of Marsh Bend,574711,250854,91
S133V.98,2026-07-03,3296 WIELENGA PL,The Village of DeLuna,975000,250841,91
S46V.192,2026-07-03,5449 BEDNARIK PL,The Village of Bradford,699000,248503,91
L84V.55,2026-07-03,7135 LAKE DENHAM DR,The Village of Dabney,1790000,250864,91
S1M.212,2026-07-03,2570 SKOBLICKI ST,Middleton - Family Neighborhood,449900,250867,91
S181V.44,2026-07-03,1578 SULIK PL,The Village of Oak Hollow,262125,250806,91
S171.143,2026-07-04,2294 PAWLEYS ISLAND PATH,The Village of Bridgeport at Miona Shores,849000,250759,90
S971.210,2026-07-04,628 MISSION HILLS TRL,Haciendas of Mission Hills,529000,250826,90
S723.4,2026-07-04,5400 SAMUEL ST,The Village of Marsh Bend,389900,250794,90
S41V.63,2026-07-04,6036 DIJULIO TER,The Village of Monarch Grove,730000,250860,90
S120V.61,2026-07-04,4438 DELBAGNO CT,The Village of DeLuna,445000,250504,90
S96V.69,2026-07-04,1658 GALLOWAY DR,The Village of St. Johns,419900,250884,90
L65V.107,2026-07-04,7024 LAWRENCEVILLE WAY,The Village of Lake Denham,344000,250823,90
L69V.13,2026-07-04,953 RUHLMAN LOOP,The Village of Lake Denham,779900,250876,90
S219V.7,2026-07-04,7734 CHRIS CORLEY LOOP,The Village of Shady Brook,589000,250815,90
S227V.3,2026-07-04,7622 FRANK DIPIETRO DR,The Village of Shady Brook,649900,250882,90
S236V.26,2026-07-04,7477 SAVANNA DR,The Village of Waters Edge,339000,250870,90
S241V.28,2026-07-04,1573 SMART PL,The Village of Waters Edge,359900,250842,90
L16.5248,2026-07-05,737 AGUA WAY,The Village El Cortez,350000,250891,89
S608.101,2026-07-05,876 WINCHESTER CT,The Village of Polo Ridge,350000,250872,89
S198.13,2026-07-05,3185 KILLINGTON LOOP,The Village of Fernandina,969000,250835,89
S966.52,2026-07-05,3723 PARK DR,The Village of Collier at Antrim Dells,629900,250851,89
S195.111,2026-07-05,500 AMICI AVE,The Village of Osceola Hills,589000,250847,89
S216V.7,2026-07-05,7600 ALICIA AVE,The Village of Moultrie Creek,288000,250505,89
S5M.283,2026-07-05,2206 MANSELL PATH,Middleton - Family Neighborhood,239900,250895,89
S227V.30,2026-07-05,7468 FRANK DIPIETRO DR,The Village of Shady Brook,1299000,250795,89
S4.170,2026-07-07,417 SAN MARINO DR,The Village Rio Ponderosa,269900,250901,87
L12.3000,2026-07-07,729 TANGERINE DR,The Village of Silver Lake,214900,250855,87
S69.64,2026-07-07,3627 IDLEWOOD LOOP,The Village of Summerhill,269900,250902,87
S823.45,2026-07-07,1850 ORANGE CT,The Village of St. Charles,319900,250828,87
S200.131,2026-07-07,938 FIGWOOD LOOP,The Village of Dunedin,529000,250720,87
S625.39,2026-07-07,3139 MERRIT LN,The Village of Fenney,299000,250629,87
S96V.70,2026-07-07,1660 GALLOWAY DR,The Village of St. Johns,354800,250904,87
S33.174,2026-07-08,3041 MAYWOOD CT,The Village of Glenbrook,324900,250834,86
S128.23,2026-07-08,571 ALLENWOOD LOOP,The Village of Amelia,429555,250801,86
S131.119,2026-07-08,2109 HARSTON TRL,The Village of Amelia,259900,250863,86
S704.5,2026-07-08,478 GROVEWOOD PL,The Village of Hadley,314950,250564,86
S178.81,2026-07-08,493 EVESBOROUGH PATH,The Village of Sanibel,549900,250735,86
S224.159,2026-07-08,2018 USEPPA OAKS LN,The Village of Pinellas,529000,250793,86
S104V.5,2026-07-08,4416 STONY RUN,The Village of Richmond,1195000,250913,86
L84V.25,2026-07-08,654 SHIVERS LOOP,The Village of Dabney,829000,250761,86
S189V.14,2026-07-08,6674 BARBARA PL,The Village of Oak Hollow,340900,250805,86
S235V.4,2026-07-08,1239 CHIASSON AVE,The Village of Waters Edge,309900,250747,86
S144V.99,2026-07-08,1895 YELLAND WAY,The Village of Well Point,639000,250846,86
S11.54,2026-07-09,1702 PALO ALTO AVE,The Village Palo Alto,549900,250875,85
S43.43,2026-07-09,613 OBERLIN CT,The Village of Polo Ridge,319555,250865,85
S969.108,2026-07-09,2864 PETOSKEY PL,The Village of Collier at Alden Bungalows,674900,250914,85
S189.95,2026-07-09,3991 VIEW PATH,Osceola Hills at Soaring Eagle Preserve,679000,250874,85
L30.46,2026-07-09,3241 KNOWLTON AVE,The Village of Pine Hills,429900,250905,85
S614.2,2026-07-09,5688 SAND PINE TER,The Village of Fenney,309900,250878,85
S743.2,2026-07-09,4894 JOHN CRAMER CIR,The Village of Chitty Chatty,285900,250692,85
S140V.17,2026-07-09,5933 PHEIL PATH,The Village of Hammock at Fenney,1549900,250886,85
L7.1170,2026-07-10,1618 KILEY CT,The Village of Country Club Hills,240000,250881,84
L78V.26,2026-07-10,707 CHERRY CREEK WAY,The Village of Dabney,975000,250808,84
L80V.49,2026-07-10,690 FORTNIER ST,The Village of Dabney,315000,250908,84
L83V.17,2026-07-10,7551 HAGEMEYER PL,The Village of Dabney,499999,250879,84
S135.181,2026-07-10,2558 HAVANA TRL,The Village of Hadley,399000,250907,84
S35.111,2026-07-11,3224 WILLIAMS RD,The Village of Polo Ridge,479000,250912,83
S20.44,2026-07-11,2116 SANSORES ST,The Village Santo Domingo,495000,250871,83
L4.475,2026-07-11,808 SHARON DR,The Village of Silver Lake,177711,250932,83
S83.28,2026-07-11,2209 BERNARD LN,The Village of Ashland,324900,250887,83
S96.69,2026-07-11,1324 MOUNT VERNON WAY,The Village of Liberty Park,275000,250903,83
S618.44,2026-07-11,2520 HUBBS ST,The Village of DeSoto,299000,250906,83
S72V.34,2026-07-11,594 NIELSEN PL,The Village of Citrus Grove,635000,250831,83
S239V.32,2026-07-11,7422 GATES LN,The Village of Shady Brook,299900,250920,83
L10.2013,2026-07-12,1525 E SCHWARTZ BLVD,The Village of Country Club Hills,159900,250774,82
S617.26,2026-07-12,5789 EMERSON CT,The Village of Fenney,369500,250897,82
S13F.88,2026-07-12,5654 BARNHILL LN,The Village of Hammock at Fenney,599000,250909,82
S214V.18,2026-07-12,1697 BATTERBEE DR,The Village of Moultrie Creek,309000,250824,82
S207.25,2026-07-13,2951 BONIFAY PATH,The Village of Fernandina at MacClenny,1250000,250944,81
S833.326,2026-07-14,11409 ZIMMERMAN PATH,Oxford Oaks - Family Neighborhood,749500,250939,80
S217V.27,2026-07-14,1659 MCMURTRIE LOOP,The Village of Moultrie Creek,989900,250946,80
S142.16,2026-07-15,1211 WESTMORELAND LOOP,The Village of Duval,389000,250744,79
S143.57,2026-07-15,2673 BECKETT RUN,The Village of Hemingway,495000,250937,79
S152.113,2026-07-15,1823 BARKSDALE DR,The Village of St. James,498000,250858,79
S138V.70,2026-07-15,3822 WENK PL,The Village of Hammock at Fenney,259500,250938,79
S105V.3,2026-07-15,4592 SHOCKOE CIR,The Village of Richmond,677711,250933,79
S211V.6,2026-07-15,7577 BLACKTON AVE,The Village of Moultrie Creek,359900,250951,79
L10.2224,2026-07-16,1630 CYPRESS PT,The Village of Country Club Hills,234500,250900,78
L11.2815,2026-07-16,619 SAINT ANDREWS BLVD,The Village of Country Club Hills,219000,250964,78
M52.44,2026-07-16,9525 SE 171ST ARGYLL ST,The Village of Woodbury,299900,250850,78
S166.112,2026-07-16,1972 ASHWOOD RUN,The Village of Pennecamp,364900,250973,78
S20V.56,2026-07-16,5300 DYER CT,The Village of Marsh Bend,415000,250955,78
S31V.102,2026-07-16,4814 STEELE PATH,The Village of DeLuna,749900,250959,78
S137V.1,2026-07-16,4173 SILVANA WAY,The Village of DeLuna,575000,249664,78
S127V.42,2026-07-16,3372 CLARA CT,The Village of DeLuna,329000,250949,78
S46V.196,2026-07-16,5417 BEDNARIK PL,The Village of Bradford,579900,250790,78
S74V.83,2026-07-16,659 BROADERICK CT,The Village of Citrus Grove,405000,250969,78
S90V.29,2026-07-16,5816 EOLA PL,The Village of Hawkins,484900,250931,78
L75V.19,2026-07-16,7420 RAVINE RD,The Village of Dabney,277711,250967,78
S206V.48,2026-07-16,7755 BRIAN ETHEREDGE WAY,The Village of Moultrie Creek,539900,250940,78
S4.336,2026-07-17,245 JUAREZ WAY,The Village Rio Ponderosa,299000,250948,77
M65.69,2026-07-17,16559 SE 77TH NORTHRIDGE CT,The Village of Calumet Grove,549000,250755,77
S105.55,2026-07-17,841 SCOTT ST,The Village of Bridgeport at Lake Sumter,900000,250899,77
S225.32,2026-07-17,1969 ALTAIR PATH,The Village of Pinellas,1199900,250965,77
S232.7,2026-07-17,2459 MCLIN LN,The Village of Collier,888000,250962,77
S71V.171,2026-07-17,560 CAPUTO CT,The Village of Citrus Grove,559900,250942,77
L63V.70,2026-07-17,1402 GUILLERMINA LOOP,The Village of Lake Denham,349900,250979,77
L74V.27,2026-07-17,890 MORLEY AVE,The Village of Dabney,332900,250883,77
S162V.31,2026-07-17,6575 EDENFIELD RUN,The Village of Edenfield,1100000,250802,77
S2.70,2026-07-18,1304 PEDRO CT,The Village Rio Grande,299589,250972,76
M47.62,2026-07-18,9385 SE 177TH SIMONS LN,The Village of Springdale,310000,250971,76
S70.35,2026-07-18,394 KINGSTON WAY,The Village of Winifred,449500,250982,76
S661.31,2026-07-18,2121 CLARENDON CT,The Village of Liberty Park,449900,250974,76
S700.18,2026-07-18,605 LACY PL,The Village of Amelia,339900,250925,76
S968.57,2026-07-18,1298 TAMBOURINE TER,The Village of Dunedin,439000,250991,76
S183.76,2026-07-18,401 INK SPOT WAY,The Village of Labelle,560000,250915,76
S100V.17,2026-07-18,4838 NOREEN CT,The Village of St. Johns,334900,250941,76
S105V.110,2026-07-18,2627 MAYMONT CT,The Village of Richmond,535000,250987,76
S110V.27,2026-07-18,2861 OSBORNE ST,The Village of Richmond,379900,250985,76
S218V.45,2026-07-18,1467 MESSER AVE,The Village of Shady Brook,795000,250853,76
S78.33,2026-07-19,2828 PLAINRIDGE LOOP,The Village of Belvedere,319000,250983,75
S959.7,2026-07-19,3401 CARRABELLE CT,The Village of Collier,269000,250970,75
S105V.114,2026-07-19,2653 MAYMONT CT,The Village of Richmond,379900,250975,75
L65V.24,2026-07-19,6974 LAWRENCEVILLE WAY,The Village of Lake Denham,474900,250928,75
S190V.13,2026-07-19,1792 EMMIT TER,The Village of Oak Hollow,749000,250994,75
S230V.45,2026-07-19,1351 HEARNS LOOP,The Village of Shady Brook,422000,250952,75
L10.2319,2026-07-20,1555 HILLCREST DR,The Village of Country Club Hills,199990,250990,74
S33.340,2026-07-20,3008 SPRINGFIELD LN,The Village of Glenbrook,375000,250929,74
S150.89,2026-07-20,2087 DOVE HOLLOW RUN,The Village of St. Charles,429900,250600,74
S208.67,2026-07-20,1284 QUAIL CT,The Village of Fernandina,775000,251003,74
S61V.15,2026-07-20,1059 JANA CT,The Village of Bradford,284900,251002,74
L83V.4,2026-07-20,489 VERLANDER ST,The Village of Dabney,799000,250997,74
S106.107,2026-07-21,930 GOOSE CRK,The Village of Virginia Trace,399900,250655,73
S147.20,2026-07-21,1672 GUMWOOD DR,The Village of Duval,424000,250954,73
S109V.3,2026-07-21,2919 POWHITE PL,The Village of Richmond,599000,250943,73
S217V.19,2026-07-21,1621 MCMURTRIE LOOP,The Village of Moultrie Creek,1295000,250989,73
S162V.27,2026-07-21,6559 EDENFIELD RUN,The Village of Edenfield,1329000,251004,73
S809.16,2026-07-22,1921 FIDDLEWOOD PL,The Village of Pennecamp,414500,250956,72
S966.92,2026-07-22,3723 ROBERTSON WAY,The Village of Collier at Antrim Dells,615555,251018,72
S195.97,2026-07-22,476 DELFIN RD,The Village of Osceola Hills,530000,250811,72
S3M.51,2026-07-22,7832 GERSHANECK CIR,Middleton - Family Neighborhood,729316,251020,72
L11.2822,2026-07-23,1606 PINEHURST DR,The Village of Country Club Hills,209900,250976,71
S238.11,2026-07-23,2351 BATON PL,The Village of Bonnybrook,249000,250923,71
S126.281,2026-07-23,493 LITTLE RIVER PATH,The Village of Mallory Square,399117,250961,71
S189.111,2026-07-23,3961 VIEW PATH,Osceola Hills at Soaring Eagle Preserve,820000,251019,71
S59V.25,2026-07-23,6313 WINDHAM WAY,The Village of Citrus Grove,369000,251024,71
S74V.64,2026-07-23,6111 SKINNER ST,The Village of Citrus Grove,329747,250922,71
S627.19,2026-07-23,3591 GROUBY RD,The Village of Hammock at Fenney,324999,250993,71
S227V.43,2026-07-23,1641 KAREN PERKINS ST,The Village of Shady Brook,380000,250947,71
S175V.19,2026-07-23,6356 DON EILEEN TER,The Village of Well Point,900000,251030,71
S167V.12,2026-07-23,6758 MEARS AVE,The Village of LaGrange,325612,251015,71
M228.31,2026-07-24,8346 SE 167TH FORSYTH ST,The Village of Briar Meadow,374900,250996,70
S98.76,2026-07-24,1393 ABERCROMBIE WAY,The Village of Liberty Park,389000,250892,70
S199.113,2026-07-24,3499 FIELDSTONE PATH,The Village of Charlotte,549000,250803,70
S958.41,2026-07-24,639 VAGABOND ST,The Village of Osceola Hills,329500,250921,70
S14V.19,2026-07-24,6056 DADEO PL,The Village of McClure,479900,251000,70
S48V.86,2026-07-24,5786 MARUSEK AVE,The Village of St. Catherine,360000,251028,70
S4M.20,2026-07-24,7362 CATINAZZO CT,Middleton - Family Neighborhood,229000,251001,70
S19.75,2026-07-25,2022 CRISTO RD,The Village Santo Domingo,330316,251036,69
S68.25,2026-07-25,1094 BLYTHE WAY,The Village of Summerhill,299900,251012,69
S643.37,2026-07-25,1773 CHILTON CT,The Village of Winifred,399000,251026,69
S126.54,2026-07-25,1743 MONCKS COR,The Village of Mallory Square,985000,250613,69
S150.37,2026-07-25,2323 FOGGY BROOK LOOP,The Village of St. Charles,499000,250656,69
S155.43,2026-07-25,2485 ANSLEY PATH,The Village of Tamarind Grove,392500,251045,69
S971.16,2026-07-25,675 TOQUERO ST,Haciendas of Mission Hills,450000,250880,69
S189.116,2026-07-25,3937 VIEW PATH,Osceola Hills at Soaring Eagle Preserve,540000,250469,69
S958.4,2026-07-25,640 VAGABOND ST,The Village of Osceola Hills,294900,251054,69
L29.12,2026-07-25,3239 PETERSON PL,The Village of Pine Hills,489900,250957,69
S71V.65,2026-07-25,6335 MERHOTTEIN LOOP,The Village of Citrus Grove,1325000,251044,69
S88V.120,2026-07-25,5737 JOSEPHINE CT,The Village of Hawkins,499000,251021,69
S91V.53,2026-07-25,1467 JOSHUA CT,The Village of Hawkins,315000,251047,69
S96V.50,2026-07-25,5450 LACROIX TER,The Village of St. Johns,349800,250999,69
S97V.34,2026-07-25,1966 DETWILER LN,The Village of St. Johns,359900,250936,69
S112V.42,2026-07-25,3910 TOWANA LOOP,The Village of Richmond,599000,251029,69
L74V.49,2026-07-25,7270 CORNWALL WAY,The Village of Dabney,439000,250926,69
S244V.43,2026-07-25,7322 ERNEST AVE,The Village of Waters Edge,549000,250868,69
S157.127,2026-07-26,2141 ARROBES PL,The Village of Buttonwood,459000,251038,68
S740.21,2026-07-26,1736 ARNOLD RD,The Village of Monarch Grove,315000,250930,68
S181V.30,2026-07-26,1596 AIDEN AVE,The Village of Oak Hollow,299900,251052,68
S236V.16,2026-07-26,1271 KISH CT,The Village of Waters Edge,334900,250992,68
S79.146,2026-07-27,2717 MARSTON WAY,The Village of Belvedere,529600,251075,67
S205.199,2026-07-27,1174 ALLAIRE LOOP,The Village of Fernandina,525007,251070,67
S715.58,2026-07-27,2646 DARTFORD TER,The Village of Hadley,519000,251063,67
S216.117,2026-07-27,1709 MERRY RD,The Village of Hillsborough,415000,251074,67
S239V.33,2026-07-27,7418 GATES LN,The Village of Shady Brook,339500,251068,67
S50V.63,2026-07-27,5778 BARRAW TER,The Village of St. Catherine,389000,251032,67
S25.100,2026-07-27,1504 BARRERA CT,The Village Santo Domingo,330000,251073,67
S1F.1,2026-07-28,5596 BLUEBIRD LN,The Village of Fenney,799000,251014,66
S19V.6,2026-07-28,2280 CLYMER CT,The Village of McClure,815000,250661,66
S110V.95,2026-07-28,2919 CHIMBORAZO WAY,The Village of Richmond,409900,251040,66
S233V.5,2026-07-28,1315 TEGAN TER,The Village of Waters Edge,296750,251079,66
S750.59,2026-07-29,5087 NE 121ST AVE,Bison Valley - Family Neighborhood,399711,251055,65
S47V.46,2026-07-29,924 MAYNARD PATH,The Village of Bradford,899500,251069,65
S105.13,2026-07-29,1176 RUSSELL LOOP,The Village of Bridgeport at Lake Sumter,4835000,251087,65
S731.42,2026-07-29,2805 CHRISTOPHER CT,The Village of DeLuna,369000,251061,65
S137V.20,2026-07-29,3505 SANDRA ST,The Village of DeLuna,449500,251049,65
S96.8,2026-07-29,1284 TRELLIS LN,The Village of Liberty Park,364000,251080,65
L48V.73,2026-07-29,6695 GARNER PATH,The Village of Newell,549900,251083,65
L30.102,2026-07-29,842 CLIFFORD CT,The Village of Pine Hills,639000,251076,65
S105V.145,2026-07-29,4418 SHOCKOE CIR,The Village of Richmond,419000,251086,65
S142V.15,2026-07-29,2587 COMMERCE CT,The Village of Richmond,799999,251042,65
S102V.33,2026-07-29,4617 CYNTHIA ST,The Village of St. Johns,945000,251011,65
S177V.17,2026-07-29,6260 ZACH CT,The Village of Well Point,499000,251084,65
S150V.7,2026-07-29,6185 RAWLINS RD,The Village of Well Point,425000,251090,65
S973.40,2026-07-30,2992 BEADLE PLACE,The Village of Collier at Atwood Bungalows,484000,251048,64
S4F.44,2026-07-30,5617 SEA GRAPES WAY,The Village of Fenney,619333,250894,64
S213V.23,2026-07-30,1681 CADORETTE DR,The Village of Moultrie Creek,389000,251006,64
L36.108,2026-07-30,3217 WEBSTER WAY,The Village of Pine Ridge,399000,250995,64
M51.5,2026-07-30,16910 SE 90TH BREWTON TER,The Village of Woodbury,479900,251064,64
S679.10,2026-07-31,2756 CUTTERS COR,Glen Hollow Farms - Family Neighborhood,1550000,251092,63
S4M.49,2026-07-31,2435 GILLARD WAY,Middleton - Family Neighborhood,225000,250984,63
S141.306,2026-07-31,1195 HOMELAND PARK ST,The Village of Bonita,479000,251088,63
S105.79,2026-07-31,743 EVANS WAY,The Village of Bridgeport at Lake Sumter,1194000,251089,63
S170.2,2026-07-31,2437 BUTTONWOOD RUN,The Village of Buttonwood,789900,251097,63
S71V.115,2026-07-31,6384 DANIELSON LOOP,The Village of Citrus Grove,424500,250945,63
L7.1201,2026-07-31,1645 KILEY CT,The Village of Country Club Hills,289900,251053,63
S7F.126,2026-07-31,6007 DELPHINA LOOP,The Village of DeSoto,649900,251082,63
S36A.3,2026-07-31,5793 HICKEY WAY,The Village of Monarch Grove,349000,250773,63
S221V.17,2026-07-31,1574 JONATHAN WAY,The Village of Shady Brook,369500,251106,63
S97V.35,2026-07-31,1962 DETWILER LN,The Village of St. Johns,419000,251033,63
S159.139,2026-07-31,2444 DIVIDING CREEK PATH,The Village of Tamarind Grove,410000,251034,63
S244V.30,2026-07-31,1375 CROCKTON PL,The Village of Waters Edge,649000,251067,63
S687.96,2026-07-31,241 MONTOYA DR,The Village Rio Ponderosa,245000,251101,63
S726.4,2026-08-01,2823 CADE CT,The Village of Marsh Bend,587655,251057,62
S225.37,2026-08-01,1941 ALTAIR PATH,The Village of Pinellas,1100000,251098,62
S227V.71,2026-08-01,7551 DANIEL COLLINS CT,The Village of Shady Brook,411500,251094,62
L6.965,2026-08-01,426 TARRSON BLVD,The Village of Silver Lake,185000,251109,62
S160.162,2026-08-01,2319 GRENADIER WAY,The Village of Tamarind Grove,429900,251105,62
S232V.12,2026-08-01,7532 SHAWN SCOTT RUN,The Village of Waters Edge,1199000,251099,62
S807.10,2026-08-02,2505 BAYPORT PL,The Village of Buttonwood,275000,251056,61
S969.41,2026-08-02,2897 CHARLEVOIX ST,The Village of Collier at Alden Bungalows,564900,251093,61
S125V.33,2026-08-02,4692 HAYWARD PATH,The Village of DeLuna,1295000,251111,61
S160V.17,2026-08-02,6392 EDENFIELD RUN,The Village of Edenfield,1995000,250019,61
S87V.33,2026-08-02,5479 THOME LOOP,The Village of Hawkins,1299000,251115,61
S710.53,2026-08-02,946 MARGAUX TRL,The Village of Hemingway,285000,251058,61
S10.52,2026-08-02,1509 REDONDO WAY,The Village Rio Ranchero,299900,251059,61
S707.4,2026-08-03,2686 ALANDARI LN,The Village of Duval,324900,251116,60
S177.118,2026-08-03,2929 FRENCH OAK AVE,The Village of Sanibel,479000,251119,60
S647.53,2026-08-04,917 CRYSTAL CT,The Village of Ashland,324900,251123,59
S41.24,2026-08-04,3349 RICHMOND DR,The Village of Belle Aire,499000,251096,59
S46V.81,2026-08-04,5504 DRAY DR,The Village of Bradford,429000,251095,59
S87V.14,2026-08-04,5583 THOME LOOP,The Village of Hawkins,619000,251081,59
L70V.27,2026-08-04,1049 BRINER PL,The Village of Lake Denham,389814,251010,59
S958.58,2026-08-04,618 YBOR LN,The Village of Osceola Hills,299900,251121,59
S229.41,2026-08-04,2974 BUTTERCUP WAY,The Village of Pinellas,499900,251005,59
S103V.28,2026-08-04,2604 DREW CIR,The Village of St. Johns,399000,251060,59
S136.186,2026-08-05,738 ENDICOTT WAY,The Village of Bonita,375000,251041,58
S46V.153,2026-08-05,5392 DRAY DR,The Village of Bradford,389900,251104,58
S805.47,2026-08-05,2558 CARRINGTON CT,The Village of Buttonwood,279900,251131,58
S119V.17,2026-08-05,4515 WHITTINGTON CIR,The Village of DeLuna,1188000,251124,58
S162V.14,2026-08-05,6505 EDENFIELD RUN,The Village of Edenfield,1039000,251017,58
S3F.29,2026-08-05,5539 PASSION FLOWER WAY,The Village of Fenney,789000,251137,58
S220.167,2026-08-05,3592 FIREFLY CT,The Village of Hillsborough,539900,251072,58
S733.2,2026-08-05,1922 RHETT RD,The Village of Linden,299000,251120,58
S22V.13,2026-08-05,2374 PALLADINO PL,The Village of Marsh Bend,585000,251066,58
L6.851,2026-08-05,603 TARRSON BLVD,The Village of Silver Lake,159900,251077,58
L12.2892,2026-08-05,1319 E SCHWARTZ BLVD,The Village of Silver Lake,179900,251138,58
S219V.95,2026-08-06,7711 CHRIS CORLEY LOOP,The Village of Shady Brook,450000,251149,57
S48V.22,2026-08-06,1132 EBLING LOOP,The Village of St. Catherine,629750,251078,57
S4M.19,2026-08-06,7366 CATINAZZO CT,Middleton - Family Neighborhood,260000,251132,57
L84V.16,2026-08-06,564 BEDMINSTER WAY,The Village of Dabney,849000,250608,57
S132V.53,2026-08-06,4274 CASSANDRA CT,The Village of DeLuna,1095000,251085,57
S153V.43,2026-08-06,1389 BRANDON LN,The Village of Edenfield,252685,251128,57
S33.258,2026-08-06,3128 BERWYN WAY,The Village of Glenbrook,559900,251125,57
S83V.42,2026-08-06,1160 ROCKLEDGE RD,The Village of Hawkins,839900,251143,57
L66V.85,2026-08-06,7115 LANGLEY LOOP,The Village of Lake Denham,489500,251108,57
S122.334,2026-08-06,733 CORDOVA CIR,The Village of Largo,649900,251112,57
S97.4,2026-08-06,2056 DARLINGTON DR,The Village of Liberty Park,634900,251013,57
L41V.96,2026-08-06,6476 BRIDGET AVE,The Village of Newell,949000,250816,57
S204.59,2026-08-07,3584 KEELEY CT,The Village of Dunedin,499621,251157,56
S14V.65,2026-08-07,5966 BRITTON DR,The Village of McClure,579900,251148,56
S223V.20,2026-08-07,7903 LOREE WAY,The Village of Shady Brook,330000,251145,56
L4.506,2026-08-07,725 SHARON DR,The Village of Silver Lake,184900,251144,56
S17.77,2026-08-07,1803 SANTANA WAY,The Village Tierra del Sol,725000,250977,56
S2M.6,2026-08-08,7670 PRIDDY WAY,Middleton - Family Neighborhood,789000,251107,55
S2M.158,2026-08-08,2791 FLOWERS ST,Middleton - Family Neighborhood,229900,251127,55
S76.49,2026-08-08,2437 AFTON AVE,The Village of Belvedere,375000,251009,55
S670.22,2026-08-08,284 KATHERINE PL,The Village of Caroline,284724,251133,55
S622.69,2026-08-08,2373 HILL ST,The Village of DeSoto,297000,251152,55
S625.38,2026-08-08,3147 MERRIT LN,The Village of Fenney,398500,251113,55
S732.6,2026-08-08,1976 STENERSON ST,The Village of Linden,499900,251166,55
S202V.32,2026-08-08,7896 KATIE KEITH LOOP,The Village of Moultrie Creek,549000,251135,55
S203V.16,2026-08-08,7697 GRIFFIN LN,The Village of Moultrie Creek,485000,251147,55
L27.13,2026-08-08,3091 KRAMER CT,The Village of Pine Ridge,475000,251129,55
S228V.25,2026-08-08,1386 SLATER AVE,The Village of Shady Brook,359000,250719,55
S815.26,2026-08-08,1867 ENDSLEY CT,The Village of St. Charles,292000,251146,55
S107.124,2026-08-08,1093 NICHOLS TER,The Village of Virginia Trace,499900,251110,55
S237V.31,2026-08-08,1220 LONGENECKER LOOP,The Village of Waters Edge,449000,251163,55
S188V.7,2026-08-09,1727 CRAIG CT,The Village of Oak Hollow,1200000,251140,54
S193.147,2026-08-09,4238 TUSCALOOSA PATH,The Village of Osceola Hills,379000,251159,54
S115V.32,2026-08-09,4258 WIDMANN PL,The Village of Richmond,479900,251165,54
S717.19,2026-08-09,2276 PROSPECT HILL CT,The Village of Bonita,349990,250752,54
S125.35,2026-08-10,1024 MCNAIR TER,The Village of Caroline,545000,250727,53
S733.9,2026-08-10,1950 RHETT RD,The Village of Linden,289000,251172,53
S114V.56,2026-08-10,3944 MUNFORD TER,The Village of Richmond,255000,251179,53
S68V.16,2026-08-11,6202 DINGMAN WAY,The Village of Citrus Grove,294700,251173,52
S237.78,2026-08-11,3753 BARREL LOOP,The Village of Dunedin,539000,251191,52
S90V.57,2026-08-11,1419 TURNER TER,The Village of Hawkins,424900,251171,52
S116.45,2026-08-11,1568 EASTOVER TER,The Village of Mallory Square,419000,251192,52
S127.161,2026-08-12,439 FOSTER PL,The Village of Amelia,339000,251134,51
S131.185,2026-08-12,2161 BALSA CT,The Village of Amelia,325000,251142,51
S141.136,2026-08-12,1313 CENTERVILLE PL,The Village of Bonita,427711,251196,51
S239.34,2026-08-12,2415 WAKEFIELD TER,The Village of Bonnybrook,539900,251154,51
L67V.23,2026-08-12,7130 OVADA TER,The Village of Lake Denham,359900,251151,51
S672.54,2026-08-12,403 CARLISLE CT,The Village of Mallory Square,429850,250968,51
S213V.22,2026-08-12,1685 CADORETTE DR,The Village of Moultrie Creek,489000,251141,51
S213V.39,2026-08-12,1617 CADORETTE DR,The Village of Moultrie Creek,399900,251160,51
S153.80,2026-08-12,2559 BERRINGTON LOOP,The Village of St. James,399900,250981,51
L76V.16,2026-08-13,830 RIVER OAKS CIR,The Village of Dabney,344000,251189,50
S217.13,2026-08-13,3550 AMISH PATH,The Village of Hillsborough,429500,250566,50
S35.22,2026-08-13,3333 WOODRIDGE DR,The Village of Polo Ridge,349000,251035,50
S950.20,2026-08-13,588 FINESSE ST,The Village of Sanibel,395000,251169,50
L4.495,2026-08-13,813 JASON DR,The Village of Silver Lake,219000,251180,50
M46.38,2026-08-13,17671 SE 90TH CLEMSON CIR,The Village of Springdale,549900,251177,50
S698.61,2026-08-13,1811 MARQUEZ LOOP,The Village Palo Alto,319000,251190,50
S10.10,2026-08-13,1519 YUCATAN WAY,The Village Rio Ranchero,318000,251185,50
S170.136,2026-08-14,1797 CHANCEY WAY,The Village of Buttonwood,369000,251207,49
S136V.64,2026-08-14,3514 JOLENE PL,The Village of DeLuna,279000,251206,49
S94V.69,2026-08-14,5658 MELVIN DR,The Village of Hawkins,640000,251183,49
S232V.67,2026-08-14,7533 SHAWN SCOTT RUN,The Village of Waters Edge,439711,251221,49
S13.4,2026-08-14,1934 PALO ALTO AVE,The Village Palo Alto,595000,251167,49
S28.148,2026-08-14,1232 BALLESTEROS DR,The Village Santiago,329621,251155,49
S833.365,2026-08-15,11325 STEWART LOOP,Oxford Oaks - Family Neighborhood,349555,251226,48
S69V.35,2026-08-15,6316 BERTUCCI AVE,The Village of Citrus Grove,359000,251216,48
L73V.71,2026-08-15,813 DONELIN CIR,The Village of Dabney,849000,251215,48
S117V.79,2026-08-15,2995 SENTELL ST,The Village of DeLuna,695000,251187,48
L49V.63,2026-08-15,6412 MCKNIGHT LOOP,The Village of Newell,640000,251229,48
S168.22,2026-08-15,1839 LAKE RIDGE DR,The Village of Pennecamp,950000,251100,48
L36.75,2026-08-15,3177 WEBSTER WAY,The Village of Pine Ridge,639000,250916,48
S229V.78,2026-08-15,7572 DANIEL HEARNS WAY,The Village of Shady Brook,370000,250852,48
S92.162,2026-08-15,1588 BELTON PL,The Village of Sunset Pointe,549900,251218,48
S156.15,2026-08-15,2111 ODESSA CIR,The Village of Tamarind Grove,1049000,251211,48
S23.119,2026-08-15,2002 SANTO DOMINGO DR,The Village Santo Domingo,574900,251225,48
L73V.79,2026-08-16,856 DONELIN CIR,The Village of Dabney,689900,251126,47
S79V.23,2026-08-16,1136 HOSLEY ST,The Village of Hawkins,565000,251174,47
L60V.84,2026-08-16,1604 ROWELL ST,The Village of Lake Denham,379000,251139,47
S650.57,2026-08-16,2452 UTICA WAY,The Village of Lynnhaven,268500,251238,47
S173V.15,2026-08-16,6298 KEENAN CT,The Village of Oak Hollow,875000,251199,47
S189V.13,2026-08-16,6680 BARBARA PL,The Village of Oak Hollow,356144,251182,47
S113V.8,2026-08-16,3102 MONUMENT WAY,The Village of Richmond,429900,251214,47
S142V.8,2026-08-16,4092 BOATWRIGHT AVE,The Village of Richmond,1200000,251198,47
S222V.100,2026-08-16,8005 JOEDY CARTER PATH,The Village of Shady Brook,475000,251195,47
L81.26,2026-08-16,1126 BERNARDO BLVD,The Village Del Mar,349900,251240,47
S114.90,2026-08-17,288 NORRIS WAY,The Village of Caroline,355000,251204,46
S706.50,2026-08-17,1402 BUNKER LN,The Village of Duval,295900,251242,46
S40.23,2026-08-18,3216 ATWOOD WAY,The Village of Belle Aire,847007,251247,45
S714.81,2026-08-18,1537 DOUBLE PALM PL,The Village of Duval,319900,251249,45
S89V.23,2026-08-18,5888 SANFORD ST,The Village of Hawkins,410000,251114,45
S221.151,2026-08-18,2090 IVEYWOOD ST,The Village of Hillsborough,329000,250635,45
S202V.31,2026-08-18,7890 KATIE KEITH LOOP,The Village of Moultrie Creek,849900,251170,45
S194.40,2026-08-18,4350 SPRINGDALE PATH,The Village of Osceola Hills,747700,251205,45
S103V.37,2026-08-18,4515 BIGGS PL,The Village of St. Johns,1425000,251248,45
S109.23,2026-08-18,1351 ELKO CT,The Village of Virginia Trace,424900,251222,45
S68V.27,2026-08-19,6248 DINGMAN WAY,The Village of Citrus Grove,439900,251260,44
S217V.57,2026-08-19,1734 JOHN BLAKE LN,The Village of Moultrie Creek,369900,251235,44
S182V.47,2026-08-19,1539 LITTLETON LN,The Village of Oak Hollow,825000,250734,44
L8.1929,2026-08-20,808 HIBISCUS DR,The Village of Country Club Hills,219800,251224,43
S120V.25,2026-08-20,3280 PIERLUISSI PATH,The Village of DeLuna,719000,251269,43
S39.265,2026-08-20,3599 WORTH CIR,The Village of Glenbrook,325000,251158,43
S88V.102,2026-08-20,1370 FRAZIER WAY,The Village of Hawkins,644444,251213,43
S226V.38,2026-08-20,7914 CARMEN RENE WAY,The Village of Shady Brook,449900,251232,43
S227V.7,2026-08-20,7602 FRANK DIPIETRO DR,The Village of Shady Brook,1230000,251203,43
S107.39,2026-08-20,1405 INMAN MILLS RD,The Village of Virginia Trace,999000,251243,43
S242V.16,2026-08-20,7230 CHERYL COOPER TRL,The Village of Waters Edge,985000,251255,43
S71.197,2026-08-20,756 PINE HILLS PL,The Village of Winifred,412000,250911,43
S78.60,2026-08-21,423 FAIRMOUNT CT,The Village of Belvedere,399000,251261,42
S136.124,2026-08-21,996 BAISLEY TRL,The Village of Bonita,769900,251022,42
S955.5,2026-08-21,2545 ALCADE PL,The Village of Collier,324900,251091,42
S136V.9,2026-08-21,4132 SILVANA WAY,The Village of DeLuna,299000,251283,42
S205.188,2026-08-21,1284 ZOMBAR PL,The Village of Fernandina,565000,251289,42
S213.44,2026-08-21,3036 RANCHWOOD TER,The Village of Gilchrist,489000,251197,42
L64V.9,2026-08-21,7183 KURT PL,The Village of Lake Denham,1115000,251270,42
S721.34,2026-08-21,5621 LAINE TER,The Village of McClure,329316,251281,42
S951.41,2026-08-21,2412 UPTON ST,The Village of Pinellas,319319,251250,42
L6.858,2026-08-21,1013 ANN AVE,The Village of Silver Lake,210000,251299,42
L12.2936,2026-08-21,1216 E SCHWARTZ BLVD,The Village of Silver Lake,219000,251212,42
L12.3038,2026-08-21,661 RAINBOW BLVD,The Village of Silver Lake,279500,251298,42
S54V.22,2026-08-21,5883 ESTES RUN,The Village of St. Catherine,699117,250893,42
S183V.55,2026-08-21,2011 PERISH PL,The Village of Well Point,530000,251162,42
S175V.31,2026-08-21,6336 CARNES PL,The Village of Well Point,649500,251239,42
S147.179,2026-08-22,2677 DAFFODIL CT,The Village of Duval,498500,251301,41
S10F.41,2026-08-22,5741 PENNEY LN,The Village of Fenney,390000,251292,41
S110V.2,2026-08-22,4178 BURGESS DR,The Village of Richmond,799900,251282,41
S220V.61,2026-08-22,7665 CHERYL CT,The Village of Shady Brook,225000,251304,41
S48V.92,2026-08-22,5823 NICKSIC CT,The Village of St. Catherine,524900,251287,41
S186V.2,2026-08-22,1955 LOGSDON LN,The Village of Well Point,299900,251302,41
S603.132,2026-08-22,1705 EL NINO ST,The Village Alhambra,310000,251313,41
S693.32,2026-08-22,715 DUMAS ST,The Village Rio Ranchero,269900,251263,41
S190.49,2026-08-22,984 IRON OAK WAY,Osceola Hills at Soaring Eagle Preserve,2000000,251284,41
S189.61,2026-08-22,3795 NOTTINGHAM LOOP,Osceola Hills at Soaring Eagle Preserve,625000,251275,41
S75V.55,2026-08-22,1143 SKATES ST,The Village of Cason Hammock,675000,251268,41
S196.123,2026-08-22,3281 SYLEWOOD AVE,The Village of Charlotte,449900,251265,41
S15.50,2026-08-23,407 ALDAMA AVE,The Village de La Vista,329000,251296,40
S742.1,2026-08-23,4994 ELLIE LN,The Village of Chitty Chatty,338750,251291,40
L11.2844,2026-08-23,1615 CHERRY HILL RD,The Village of Country Club Hills,234900,251294,40
S198.62,2026-08-23,3192 KILLINGTON LOOP,The Village of Fernandina,539900,251256,40
S202V.35,2026-08-23,7934 KATIE KEITH LOOP,The Village of Moultrie Creek,625000,251276,40
S120V.47,2026-08-24,4406 GARCHINSKY AVE,The Village of DeLuna,569000,251234,39
S711.22,2026-08-24,2440 ADRIANA WAY,The Village of Hemingway,349900,251194,39
S221.62,2026-08-24,3781 NEW MOON AVE,The Village of Hillsborough,389000,251266,39
S18V.29,2026-08-24,2152 BILLER CIR,The Village of McClure,949000,250988,39
S212V.4,2026-08-24,1822 COLE PL,The Village of Moultrie Creek,319900,251320,39
S105V.59,2026-08-24,4239 BURGESS DR,The Village of Richmond,839555,251311,39
S239V.18,2026-08-24,1516 STRAWBRIDGE ST,The Village of Shady Brook,299900,251324,39
S235V.19,2026-08-24,7451 TIETJEN LN,The Village of Waters Edge,323800,251321,39
S177V.15,2026-08-24,6272 ZACH CT,The Village of Well Point,650000,251277,39
S186V.40,2026-08-24,1952 HILFIKER AVE,The Village of Well Point,315000,251308,39
L13.3421,2026-08-25,1159 PARADISE DR,The Village of Country Club Hills,224900,251300,38
S661.3,2026-08-25,1407 CHESTERFIELD LN,The Village of Liberty Park,319850,251325,38
S650.17,2026-08-25,2485 LAUREL BAY LN,The Village of Lynnhaven,299000,251262,38
L41V.36,2026-08-25,6429 BRIDGET AVE,The Village of Newell,659900,251181,38
L44V.6,2026-08-25,1909 VANBECK CIR,The Village of Newell,949000,251245,38
S53V.3,2026-08-25,572 GILSON LOOP,The Village of St. Catherine,409000,251237,38
S822.22,2026-08-25,2202 BENHOGAN PL,The Village of Tamarind Grove,625000,251332,38
S29.26,2026-08-25,2443 TAMARINDO DR,The Village Santiago,374900,251319,38
S72.10,2026-08-26,1848 HARTFORD PATH,The Village of Bridgeport at Lake Miona,1100000,251295,37
S69V.39,2026-08-26,6296 BERTUCCI AVE,The Village of Citrus Grove,318800,251312,37
L8.1497,2026-08-26,1638 MAGNOLIA AVE,The Village of Country Club Hills,399000,250781,37
L80V.41,2026-08-26,7544 KUENHER CT,The Village of Dabney,309900,251345,37
S614.39,2026-08-26,3110 SABAL PALM AVE,The Village of Fenney,279900,250978,37
S144.52,2026-08-26,958 JOINER PL,The Village of Hemingway,849800,250960,37
S187.34,2026-08-26,640 TURKEY LN,The Village of Labelle,625000,251318,37
L31.29,2026-08-26,3658 CONSERVATION TRL,The Village of Pine Hills,1450000,251343,37
S827.45,2026-08-26,2461 MACKINTOSH CT,The Village of St. James,349595,251258,37
S1M.96,2026-08-27,7506 DANFORD PL,Middleton - Family Neighborhood,355000,251365,36
S41.248,2026-08-27,1818 CAPTIVA CT,The Village of Belle Aire,291900,251230,36
S59V.96,2026-08-27,290 PELCHAT PL,The Village of Citrus Grove,409000,251376,36
S231.25,2026-08-27,3520 RAGSDALE LOOP,The Village of Collier,854900,251369,36
S973.22,2026-08-27,2965 TORCH POINT LANE,The Village of Collier at Atwood Bungalows,524900,251354,36
L8.1876,2026-08-27,1834 W SCHWARTZ BLVD,The Village of Country Club Hills,216500,251355,36
L79V.41,2026-08-27,7520 ALYSHA AVE,The Village of Dabney,395900,251202,36
S31V.70,2026-08-27,4740 STEELE PATH,The Village of DeLuna,799000,251293,36
S162V.8,2026-08-27,6479 EDENFIELD RUN,The Village of Edenfield,1049000,251334,36
S217.36,2026-08-27,1622 SHALE TRAIL LOOP,The Village of Hillsborough,929000,250837,36
L57V.5,2026-08-27,1631 AMY AVE,The Village of Lake Denham,279900,251362,36
S657.15,2026-08-27,837 SOUTH SHORE LN,The Village of Lake Sumter Landing,1599000,251371,36
S654.17,2026-08-27,2039 THURMOND AVE,The Village of Liberty Park,309002,251331,36
S734.42,2026-08-27,5670 HERMAN AVE,The Village of Linden,369000,251330,36
S210V.64,2026-08-27,1850 MCMURTRIE LOOP,The Village of Moultrie Creek,685000,251200,36
S213V.44,2026-08-27,7429 TORRI TER,The Village of Moultrie Creek,739000,251327,36
S181V.31,2026-08-27,1600 AIDEN AVE,The Village of Oak Hollow,344900,251236,36
L29.56,2026-08-27,681 KAUSKA WAY,The Village of Pine Hills,2200000,251353,36
L36.14,2026-08-27,3242 DRESSENDORFER DR,The Village of Pine Ridge,349000,251366,36
L36.43,2026-08-27,3290 TRUSSLER TER,The Village of Pine Ridge,499000,251278,36
S113V.16,2026-08-27,4086 MAXWELL TER,The Village of Richmond,525000,251346,36
S228V.13,2026-08-27,7647 CARY ST,The Village of Shady Brook,649900,251361,36
S218V.20,2026-08-27,1448 MESSER AVE,The Village of Shady Brook,699900,251344,36
L6.875,2026-08-27,1001 OREN AVE,The Village of Silver Lake,219900,251349,36
S4F.19,2026-08-28,2812 CROWNED CATERPILLAR DR,The Village of Fenney,570000,251333,35
S115.6,2026-08-28,1472 HOLLYWOOD TER,The Village of Mallory Square,525000,251341,35
L48V.116,2026-08-28,1634 TANYA TER,The Village of Newell,469900,251356,35
S818.63,2026-08-28,1908 SAGAMORE ST,The Village of Pennecamp,359621,251156,35
L6.1041,2026-08-28,1024 KELSEA CIR,The Village of Silver Lake,250000,251382,35
S54V.43,2026-08-28,5837 CHURCH ST,The Village of St. Catherine,759000,251381,35
S665.18,2026-08-28,811 GAFFNEY ST,The Village of Virginia Trace,384117,250866,35
L15.5111,2026-08-28,614 PRADO DR,The Village Del Mar,299000,251290,35
S604.16,2026-08-28,1420 ALMANZA DR,The Village Santo Domingo,299800,251380,35
S170.81,2026-08-29,1826 CHANCEY WAY,The Village of Buttonwood,299000,251367,34
S57V.7,2026-08-30,6038 CONLEY CT,The Village of Citrus Grove,475000,251252,33
L73V.94,2026-08-30,7336 TRUNDLE TER,The Village of Dabney,369000,251370,33
S117V.12,2026-08-30,3091 ELY CIR,The Village of DeLuna,449000,251309,33
L72V.8,2026-08-30,959 VERONICA CT,The Village of Lake Denham,314900,251251,33
S50V.60,2026-08-30,5754 BARRAW TER,The Village of St. Catherine,419000,251188,33
L22.6051,2026-08-30,913 PASADENA WAY,The Village La Reynalda,390000,251388,33
S750.69,2026-08-31,5100 NE 121ST AVE,Bison Valley - Family Neighborhood,284900,251383,32
M55.83,2026-08-31,8685 SE 173RD WISTERIA ST,The Village of Briar Meadow,549000,251259,32
S199.67,2026-08-31,3308 FIELDSTONE PATH,The Village of Charlotte,564900,251306,32
S105V.117,2026-08-31,2669 MAYMONT CT,The Village of Richmond,615000,251387,32
S48V.17,2026-08-31,1141 EBLING LOOP,The Village of St. Catherine,495000,251391,32
S98V.5,2026-08-31,4946 OKAHUMPKA RUN,The Village of St. Johns,584900,251209,32
S151V.46,2026-08-31,6118 RISCH RD,The Village of Well Point,385000,251372,32
S648.10,2026-09-01,2116 BURROUGHS RD,The Village of Ashland,365000,251415,31
S945.65,2026-09-01,3344 OVERLAND TER,The Village of Charlotte,369000,251297,31
S742.25,2026-09-01,4945 CARMEN CT,The Village of Chitty Chatty,237500,251322,31
S732.4,2026-09-01,1986 STENERSON ST,The Village of Linden,424900,251359,31
S158.95,2026-09-01,1985 MARKRIDGE LOOP,The Village of Pennecamp,899000,251384,31
S121.119,2026-09-01,1869 POPPY CIR,The Village of Sabal Chase,349900,251401,31
S227V.58,2026-09-01,7563 FRANK DIPIETRO DR,The Village of Shady Brook,824000,251389,31
S249V.2,2026-09-01,7240 TIPPETT TRL,The Village of Waters Edge,600000,251285,31
S1M.145,2026-09-02,7562 TUCKER TER,Middleton - Family Neighborhood,349000,251357,30
S190.84,2026-09-02,852 REGAL MANOR LN,Osceola Hills at Soaring Eagle Preserve,1200000,251411,30
S802.83,2026-09-02,1243 FLAMINGO PL,The Village of Bridgeport - Edgewater,779000,251305,30
S105.54,2026-09-02,853 SCOTT ST,The Village of Bridgeport at Lake Sumter,1200000,251337,30
S7F.65,2026-09-02,5960 DELPHINA LOOP,The Village of DeSoto,749000,251329,30
S93V.21,2026-09-02,5726 TINSLEY TER,The Village of Hawkins,305000,251424,30
S967.24,2026-09-02,3578 ONYX AVE,The Village of Hillsborough,375000,251420,30
S34V.1,2026-09-02,1884 BEGAN PL,The Village of Linden,849000,251425,30
S113V.7,2026-09-02,3096 MONUMENT WAY,The Village of Richmond,485000,251392,30
S197.30,2026-09-02,3211 ISLAWILD WAY,The Village of Sanibel,376000,251432,30
L3.421,2026-09-02,1205 DUSTIN DR,The Village of Silver Lake,255000,251414,30
M47.120,2026-09-02,17997 SE 91ST POPLAR TER,The Village of Springdale,325000,251339,30
M214.3,2026-09-02,17750 SE 91ST GAYLARK AVE,The Village of Springdale,415000,251342,30
S92.99,2026-09-02,1649 HARTSVILLE TRL,The Village of Sunset Pointe,949000,251430,30
S23.128,2026-09-02,2259 MARGARITA DR,The Village Santo Domingo,327500,251397,30
S2M.78,2026-09-03,2481 BINGHAM ST,Middleton - Family Neighborhood,329900,251436,29
S807.95,2026-09-03,2529 GRANVILLE TER,The Village of Buttonwood,299900,251396,29
S969.155,2026-09-03,3431 LEELANAU CT,The Village of Collier at Alden Bungalows,599249,251385,29
S119V.82,2026-09-03,4548 WHITTINGTON CIR,The Village of DeLuna,719000,251438,29
S137V.6,2026-09-03,4193 SILVANA WAY,The Village of DeLuna,439000,251404,29
S210.118,2026-09-03,1320 BRINKLEY LN,The Village of Gilchrist,590000,251351,29
S83V.3,2026-09-03,5600 BRETT WAY,The Village of Hawkins,819000,251426,29
S42V.12,2026-09-03,5918 FLINT LOOP,The Village of Monarch Grove,949000,251446,29
S227.29,2026-09-03,2812 CEDAR GROVE LOOP,The Village of Pinellas,1499000,251419,29
S109V.24,2026-09-03,4240 MALVERN CT,The Village of Richmond,600555,251364,29
M47.57,2026-09-03,9254 SE 179TH WESLEY ST,The Village of Springdale,349000,251274,29
S248V.30,2026-09-03,1154 JELLO DR,The Village of Waters Edge,434500,251434,29
S244V.13,2026-09-03,1358 LUELLEN PATH,The Village of Waters Edge,574900,251279,29
M232.146,2026-09-03,16822 SE 92ND DANNA AVE,The Village of Woodbury,299621,251427,29
S947.4,2026-09-04,3224 EVANSIDE LN,The Village of Charlotte,314900,251452,28
L9.2572,2026-09-04,1720 MYRTLE BEACH DR,The Village of Country Club Hills,130000,251410,28
S87.135,2026-09-04,883 LIVINGSTON LOOP,The Village of Lynnhaven,315000,251175,28
S224.41,2026-09-04,2891 APACHE CT,The Village of Pinellas,565000,251417,28
S108V.18,2026-09-04,4350 BROAD ST,The Village of Richmond,289000,251440,28
S101.129,2026-09-04,2062 WELCOME WAY,The Village of Tall Trees,398500,251368,28
S31.30,2026-09-04,2756 PRIVADA DR,The Village Alhambra,409000,251454,28
S600.73,2026-09-04,2138 ESCOBAR AVE,The Village Santo Domingo,269000,251457,28
S695.78,2026-09-05,1747 MORELOS RD,The Village de La Vista,259000,250783,27
S141.118,2026-09-05,1293 EUREKA MILL RUN,The Village of Bonita,755000,251264,27
S71V.37,2026-09-05,6274 DANIELSON LOOP,The Village of Citrus Grove,975000,251399,27
S129V.12,2026-09-05,4358 PEZZULLO CIR,The Village of DeLuna,725000,251400,27
S140V.27,2026-09-05,5977 PHEIL PATH,The Village of Hammock at Fenney,539000,251448,27
S84V.23,2026-09-05,5411 HAWKINS DR,The Village of Hawkins,995000,251416,27
L56V.100,2026-09-05,6892 TINA ST,The Village of Lake Denham,359900,251428,27
S735.42,2026-09-05,1649 MCDONALD CT,The Village of Monarch Grove,235000,251451,27
S215V.10,2026-09-05,1799 MCMURTRIE LOOP,The Village of Moultrie Creek,529000,251450,27
S180V.48,2026-09-05,6495 RACHEL PL,The Village of Oak Hollow,394800,251465,27
S187V.11,2026-09-05,6487 DENISE DR,The Village of Oak Hollow,1199999,251316,27
S660.61,2026-09-05,1576 BARNWELL PL,The Village of Poinciana,359000,251408,27
S220V.59,2026-09-05,7652 ROTTERMOND WAY,The Village of Shady Brook,255000,251412,27
S224V.34,2026-09-05,1572 JOYCE HUGHES WAY,The Village of Shady Brook,364900,251437,27
S154.89,2026-09-05,2450 POMEROY TER,The Village of St. James,424900,251439,27
S245V.8,2026-09-05,7240 WILKINS RUN,The Village of Waters Edge,1149000,251442,27
S235V.36,2026-09-05,1234 CHIASSON AVE,The Village of Waters Edge,329000,251469,27
S234V.30,2026-09-05,1240 EVEN LN,The Village of Waters Edge,319750,251394,27
S146V.74,2026-09-05,1798 LYNN KEANE LOOP,The Village of Well Point,449900,251423,27
S1M.198,2026-09-06,2629 RUTER WAY,Middleton - Family Neighborhood,349000,251443,26
S973.62,2026-09-06,3568 FARRELL AVE,The Village of Collier at Atwood Bungalows,535000,251463,26
S162V.19,2026-09-06,6525 EDENFIELD RUN,The Village of Edenfield,1075000,251272,26
S219.132,2026-09-06,1960 JODPHUR LN,The Village of Hillsborough,449000,251431,26
S38V.61,2026-09-06,1536 WILLIAMSON DR,The Village of Monarch Grove,975000,251405,26
S210V.87,2026-09-06,7605 JARED TER,The Village of Moultrie Creek,410000,251150,26
S53V.18,2026-09-06,496 GILSON LOOP,The Village of St. Catherine,411000,251460,26
S816.41,2026-09-06,1808 HORTENSIA PL,The Village of St. Charles,389000,250953,26
S814.58,2026-09-06,1947 FAIRWINDS PL,The Village of St. James,334900,251480,26
S19.123,2026-09-06,2024 CLAUDIO LN,The Village Santo Domingo,339900,251444,26
S136.116,2026-09-07,964 BAISLEY TRL,The Village of Bonita,699900,251482,25
S72.88,2026-09-07,2073 HARTFORD PATH,The Village of Bridgeport at Lake Miona,2350000,250647,25
S130V.2,2026-09-07,4294 HALEY AVE,The Village of DeLuna,309600,251483,25
S94V.64,2026-09-07,5706 MELVIN DR,The Village of Hawkins,499000,251456,25
S56V.3,2026-09-07,643 COKER CT,The Village of St. Catherine,1399900,251478,25
S693.78,2026-09-07,741 VILLITA LN,The Village Rio Ranchero,229900,251227,25
S110.94,2026-09-08,1175 JOHNSTON PATH,The Village of Caroline,679000,251395,24
S219V.43,2026-09-08,7583 CHRIS CORLEY LOOP,The Village of Shady Brook,699999,251477,24
S225V.11,2026-09-08,1737 AMIDEI PATH,The Village of Shady Brook,775000,251487,24
S54V.41,2026-09-08,5846 CHURCH ST,The Village of St. Catherine,819900,251449,24
S68V.3,2026-09-09,335 LOGAN ST,The Village of Citrus Grove,270000,251429,23
S6F.79,2026-09-09,5844 HERNDON TER,The Village of DeSoto,489000,251492,23
S9F.35,2026-09-09,5933 RUTLAND AVE,The Village of Fenney,639600,251495,23
S941.54,2026-09-09,1089 TIPTON LN,The Village of Fernandina,374500,251476,23
S715.59,2026-09-09,2640 DARTFORD TER,The Village of Hadley,329555,251409,23
S970.49,2026-09-09,3444 ALLISON PL,The Village of Labelle,349555,251375,23
S214V.35,2026-09-09,1746 HUGAR PL,The Village of Moultrie Creek,294900,251464,23
L51V.99,2026-09-09,6628 NEWELL LOOP,The Village of Newell,589000,251447,23
L55V.55,2026-09-09,6766 MICKYLEE RUN,The Village of Newell,523000,251407,23
S943.34,2026-09-09,3033 GULFPORT CT,The Village of Pinellas,545000,251453,23
S226.2,2026-09-09,2096 ISLEWORTH CIR,The Village of Pinellas,1575000,251340,23
L5.679,2026-09-09,718 DEVON DR,The Village of Silver Lake,239000,251421,23
S9.67,2026-09-09,1301 FONTANA CT,The Village Hacienda,439000,251403,23
S833.18,2026-09-10,11043 WHITE TER,Oxford Oaks - Family Neighborhood,399000,248045,22
M64.74,2026-09-10,7486 SE 172ND FIELDCREST ST,The Village of Calumet Grove,359900,251493,22
S965.18,2026-09-10,1189 TRAPPERS CT,The Village of Dunedin,349555,251512,22
S211V.39,2026-09-10,1845 WALMER LN,The Village of Moultrie Creek,530000,251502,22
S106V.29,2026-09-10,4371 CAMEO CIR,The Village of Richmond,424500,251486,22
S48V.46,2026-09-10,1034 EBLING LOOP,The Village of St. Catherine,1500000,251307,22
S232V.34,2026-09-10,1315 SAMANTHA SCOTT TRL,The Village of Waters Edge,699900,251328,22
M51.174,2026-09-10,16865 SE 93RD CUTHBERT CIR,The Village of Woodbury,299000,251496,22
M52.251,2026-09-10,16879 SE 96TH CHAPELWOOD CIR,The Village of Woodbury,304999,251504,22
S601.65,2026-09-10,1642 DURAN DR,The Village Alhambra,249000,251508,22
S812.48,2026-09-11,2181 DANWOOD PL,The Village of Buttonwood,339900,251254,21
S215.87,2026-09-11,3508 RIDGEWOOD PATH,The Village of Fernandina,379900,251505,21
S211.68,2026-09-11,3035 BUREAU PATH,The Village of Gilchrist,1325000,251501,21
S628.40,2026-09-11,5774 BRENNAN CT,The Village of Hammock at Fenney,429000,251310,21
S120.69,2026-09-11,1114 MAGRATH WAY,The Village of Sabal Chase,392000,251522,21
S220V.46,2026-09-11,1561 FERRY PL,The Village of Shady Brook,287711,251519,21
S22.202,2026-09-11,1310 PINTO LN,The Village Santo Domingo,342000,251413,21
S92.141,2026-09-12,1565 LYMAN WAY,The Village of Sunset Pointe,485000,251532,20
S117.54,2026-09-12,373 MCLEOD LN,The Village of Mallory Square,399000,251470,20
S151.74,2026-09-12,2396 ADELPHI AVE,The Village of St. James,495000,251386,20
S946.41,2026-09-12,1967 VERANDA PL,The Village of Pinellas,399900,251515,20
S191.155,2026-09-12,454 JUNGLE PLUM WAY,The Village of Osceola Hills,524500,251402,20
M839.4,2026-09-12,16796 SE 76TH CHATHAM AVE,Chatham Acres,2895000,251323,20
S60V.109,2026-09-12,5345 DRAY DR,The Village of Bradford,540000,251474,20
S110V.103,2026-09-12,2874 OSBORNE ST,The Village of Richmond,459900,251377,20
S41.144,2026-09-13,3288 ROANOKE ST,The Village of Belle Aire,314900,251506,19
S70V.46,2026-09-13,6252 SIVERSON TER,The Village of Citrus Grove,319000,251543,19
S205.108,2026-09-13,1084 ALLAIRE LOOP,The Village of Fernandina,874900,251530,19
S140V.20,2026-09-13,5951 PHEIL PATH,The Village of Hammock at Fenney,379900,251544,19
S169.20,2026-09-13,1667 PENNECAMP DR,The Village of Pennecamp,899900,251507,19
L6.756,2026-09-13,623 TRACY DR,The Village of Silver Lake,169900,251529,19
S153.106,2026-09-13,2533 EDENVILLE PATH,The Village of St. James,446000,251541,19
S68.127,2026-09-13,3411 FORSYTHE TER,The Village of Summerhill,309900,251491,19
S186V.33,2026-09-13,1990 HILFIKER AVE,The Village of Well Point,299900,251497,19
S134.220,2026-09-14,2619 LANDALE LOOP,The Village of Hadley,489000,251557,18
S960.27,2026-09-14,1986 URBANE PL,The Village of Lake Deaton,379800,251406,18
S124.3,2026-09-14,949 ISLE OF PALMS PATH,The Village of Largo,799000,251558,18
S4.326,2026-09-14,225 JUAREZ WAY,The Village Rio Ponderosa,319000,251524,18
S720.46,2026-09-15,5614 MCCRAY AVE,The Village of McClure,233000,251563,17
S216V.20,2026-09-15,7613 BESSIE WAY,The Village of Moultrie Creek,339000,251531,17
S106V.11,2026-09-15,4408 CAMEO CIR,The Village of Richmond,380000,251560,17
S221V.13,2026-09-15,7655 RUTHERFORD LN,The Village of Shady Brook,369000,251490,17
S106.106,2026-09-15,944 GOOSE CRK,The Village of Virginia Trace,499000,250549,17
L82V.26,2026-09-16,478 LAMINGTON LN,The Village of Dabney,719000,251518,16
S5F.13,2026-09-16,2646 TENNEY LN,The Village of Fenney,1100000,251520,16
S629.26,2026-09-16,5556 COTTRELL CT,The Village of Hammock at Fenney,639000,251537,16
S233.34,2026-09-16,1945 CROSS HILL DR,The Village of Lake Deaton,1249000,251562,16
L64V.31,2026-09-16,1392 KENNETH ST,The Village of Lake Denham,398000,251445,16
S674.44,2026-09-16,615 REEVESVILLE LN,The Village of Mallory Square,339000,251561,16
S17V.27,2026-09-16,2186 CANNON LOOP,The Village of McClure,1095000,251535,16
M44.25,2026-09-16,17814 SE 86TH OAK LEAF TER,The Village of Piedmont,439900,251494,16
S105V.125,2026-09-16,2636 MAYMONT CT,The Village of Richmond,409000,251569,16
S156.89,2026-09-16,1994 ODESSA CIR,The Village of Tamarind Grove,449711,251511,16
S248V.20,2026-09-16,1165 MAYR PL,The Village of Waters Edge,539000,251513,16
L7.1288,2026-09-17,1736 LAUREN LN,The Village of Country Club Hills,245900,251583,15
L84V.60,2026-09-17,7167 LAKE DENHAM DR,The Village of Dabney,899000,251549,15
S124V.36,2026-09-17,4540 BROOKE LN,The Village of DeLuna,439000,251547,15
S940.45,2026-09-17,1568 HARNESS PL,The Village of Gilchrist,500000,251536,15
S84V.12,2026-09-17,5495 HAWKINS DR,The Village of Hawkins,795000,251551,15
S732.44,2026-09-17,1967 STENERSON ST,The Village of Linden,359000,251499,15
S222V.7,2026-09-17,7888 JEFF ANDERSON WAY,The Village of Shady Brook,400000,251566,15
S249V.25,2026-09-17,7134 TIPPETT TRL,The Village of Waters Edge,410000,251539,15
L7.1450,2026-09-18,1010 BOWERSOX DR,The Village of Country Club Hills,224900,251545,14
S5F.73,2026-09-18,2529 FUSSELL WAY,The Village of DeSoto,710000,251118,14
S86.21,2026-09-18,2413 WILSON WAY,The Village of Lynnhaven,359295,251592,14
S116.108,2026-09-18,343 TROY LOOP,The Village of Mallory Square,825000,251548,14
S189V.19,2026-09-18,1845 ANNIE AVE,The Village of Oak Hollow,384900,251521,14
L31.19,2026-09-18,808 FAIRCHILD LN,The Village of Pine Hills,1799000,251553,14
L6.907,2026-09-18,411 MARK DR,The Village of Silver Lake,212000,251517,14
S92.178,2026-09-18,1569 ARIAL PL,The Village of Sunset Pointe,849555,251600,14
S145.26,2026-09-19,1313 MURRELLS INLET LOOP,The Village of Duval,349000,251472,13
S40V.16,2026-09-19,1881 ZIENTARA LOOP,The Village of Monarch Grove,714000,251567,13
L45V.28,2026-09-19,1753 HERLONG CT,The Village of Newell,579000,251527,13
L30.7,2026-09-19,3258 HOLLEY TER,The Village of Pine Hills,429000,251576,13
S240V.39,2026-09-19,1544 YOLANDA LN,The Village of Shady Brook,950000,251584,13
S640.29,2026-09-20,3156 WILLOW BROOK LN,The Village of Glenbrook,442000,251622,12
S828.44,2026-09-20,1147 CREEKSIDE DR,The Village of Bridgeport-Creekside Landing,619987,251542,12
S216.120,2026-09-20,1691 MERRY RD,The Village of Hillsborough,448700,251554,12
S16V.14,2026-09-20,2289 DOWNEY LN,The Village of McClure,799000,251619,12
S732.53,2026-09-20,1962 RIEGER RD,The Village of Linden,389000,251621,12
S41V.57,2026-09-20,6033 DIJULIO TER,The Village of Monarch Grove,559007,251573,12
S133V.66,2026-09-20,4203 BALCHARAN TER,The Village of DeLuna,799000,251604,12
S121V.13,2026-09-20,4524 BYRD LN,The Village of DeLuna,297000,251540,12
S96V.89,2026-09-20,5472 GUILLIAMS CT,The Village of St. Johns,495000,251580,12
S98V.31,2026-09-20,2201 LANDREA LOOP,The Village of St. Johns,785000,251605,12
S194V.17,2026-09-20,6839 MUNZ PATH,The Village of Oak Hollow,955000,251273,12
S186V.43,2026-09-20,6369 KISER CT,The Village of Well Point,299900,251618,12
S810.13,2026-09-21,2499 BRECKENRIDGE CT,The Village of Buttonwood,279700,251582,11
S721.25,2026-09-21,5595 ANDERS AVE,The Village of McClure,319900,251467,11
S719.52,2026-09-21,5725 CARLA CT,The Village of McClure,645555,251616,11
S67V.23,2026-09-21,6113 TOMPKINS ST,The Village of Citrus Grove,319900,251581,11
S70V.71,2026-09-21,6278 MILAGROS CT,The Village of Citrus Grove,299000,251594,11
S210V.63,2026-09-21,7562 SUNDERMAN AVE,The Village of Moultrie Creek,369900,251459,11
L50V.11,2026-09-21,6517 GAVANNI ST,The Village of Newell,399000,251610,11
M51.170,2026-09-22,16883 SE 93RD CUTHBERT CIR,The Village of Woodbury,364900,251378,10
S704.2,2026-09-22,490 GROVEWOOD PL,The Village of Hadley,289000,251586,10
S833.126,2026-09-22,3282 SENNETT CIR,Oxford Oaks - Family Neighborhood,425000,251588,10
L67V.21,2026-09-22,7142 OVADA TER,The Village of Lake Denham,299900,251577,10
S2M.216,2026-09-22,2757 ALDER AVE,Middleton - Family Neighborhood,237000,251571,10
M51.43,2026-09-23,9395 SE 168TH NEWINGTON ST,The Village of Woodbury,409999,251611,9
S157.103,2026-09-23,2059 DUNSTER CT,The Village of Buttonwood,549000,251559,9
L12.3042,2026-09-23,653 RAINBOW BLVD,The Village of Silver Lake,234900,251579,9
S35V.39,2026-09-23,1877 LINTON LN,The Village of Linden,599000,251228,9
S195.153,2026-09-23,561 WOODBRIDGE WAY,The Village of Osceola Hills,479000,251624,9
S619.4,2026-09-23,2470 DOOLEY ST,The Village of DeSoto,589900,251617,9
L46V.22,2026-09-23,1748 PHIFER PL,The Village of Newell,334000,251608,9
S125V.54,2026-09-23,4656 WIGHTMAN CIR,The Village of DeLuna,470000,251637,9
S71V.10,2026-09-23,6130 GRASSO CIR,The Village of Citrus Grove,684500,251598,9
L81V.37,2026-09-23,544 POST OAK CT,The Village of Dabney,555000,251633,9
S160V.35,2026-09-23,1114 SHOOP LOOP,The Village of Edenfield,1360000,251602,9
S187V.51,2026-09-23,1920 CRAIG CT,The Village of Oak Hollow,399999,251609,9
S25.97,2026-09-24,1503 ALCARAZ PL,The Village Santo Domingo,399000,251628,8
S134.54,2026-09-24,2522 LANDALE LOOP,The Village of Hadley,429900,251603,8
S43V.40,2026-09-24,1935 DAGENAIS WAY,The Village of Linden,664500,251625,8
S82V.10,2026-09-24,1270 MANUEL CIR,The Village of Hawkins,519000,251574,8
S183.33,2026-09-24,3358 BOARDROOM TRL,The Village of Labelle,1049000,251647,8
S190.52,2026-09-24,970 IRON OAK WAY,Osceola Hills at Soaring Eagle Preserve,1275000,251590,8
S57V.82,2026-09-24,498 JUSTIN LN,The Village of Citrus Grove,479500,251645,8
S219V.172,2026-09-24,1448 COWART CIR,The Village of Shady Brook,534000,251596,8
S223V.21,2026-09-24,1526 PJ MARTIN CT,The Village of Shady Brook,315000,251646,8
S669.48,2026-09-25,293 EMMALEE PL,The Village of Mallory Square,325000,251656,7
S951.72,2026-09-25,2453 UPTON ST,The Village of Pinellas,307900,251657,7
S168.166,2026-09-25,1950 LAKE RIDGE DR,The Village of Pennecamp,1599000,251363,7
S8F.76,2026-09-25,5795 GILMORE TER,The Village of Fenney,599900,251607,7
S230.33,2026-09-25,3389 EISENHOWER WAY,The Village of Collier,389000,251640,7
S187.58,2026-09-25,3763 PEPPERIDGE CIR,The Village of Labelle,839555,251641,7
S6F.23,2026-09-25,2509 LOCK ST,The Village of DeSoto,729000,251634,7
S32V.39,2026-09-25,4534 PEARLMAN WAY,The Village of DeLuna,789747,251591,7
S34V.10,2026-09-25,1873 BEGAN PL,The Village of Linden,449900,251627,7
S61V.20,2026-09-25,1079 JANA CT,The Village of Bradford,299000,251525,7
L58V.52,2026-09-25,1614 ECHOLS CT,The Village of Lake Denham,334000,251626,7
S114V.62,2026-09-25,3953 MANCHESTER AVE,The Village of Richmond,317750,251658,7
L64V.28,2026-09-25,1346 MARCIA LN,The Village of Lake Denham,390000,251538,7
S225V.12,2026-09-25,1731 AMIDEI PATH,The Village of Shady Brook,925000,251614,7
S232V.77,2026-09-25,7590 SHAWN SCOTT RUN,The Village of Waters Edge,559000,251523,7
S219V.50,2026-09-25,7621 CHRIS CORLEY LOOP,The Village of Shady Brook,825000,251510,7
S609.19,2026-09-26,1872 PEACHTREE AVE,The Village of Belle Aire,435777,251669,6
S141.319,2026-09-26,1178 EUREKA MILL RUN,The Village of Bonita,477711,251666,6
M51.69,2026-09-26,9280 SE 170TH FONTAINE ST,The Village of Woodbury,345000,251516,6
L3.255,2026-09-26,809 SILVER OAK AVE,The Village of Silver Lake,299990,251479,6
S120.57,2026-09-26,1137 OSWEGO LN,The Village of Sabal Chase,824500,251422,6
S222.111,2026-09-26,2154 EVANS PRAIRIE TRL,The Village of Collier,559900,251526,6
S117V.82,2026-09-26,3009 SENTELL ST,The Village of DeLuna,715000,251670,6
S182V.17,2026-09-26,6591 ASHMORE AVE,The Village of Oak Hollow,624900,251630,6
S39.223,2026-09-27,3424 CARBONDALE CT,The Village of Glenbrook,325000,251462,5
S711.32,2026-09-27,2484 DUNDEE TER,The Village of Hemingway,389900,251664,5
S105.34,2026-09-27,1037 RUSSELL LOOP,The Village of Bridgeport at Lake Sumter,1275000,251635,5
M53.87,2026-09-27,17625 SE 86TH BRIARCLIFFE CT,The Village of Springdale,750000,251164,5
L8.1783,2026-09-27,716 CAMELIA CT,The Village of Country Club Hills,223900,251667,5
S124.14,2026-09-27,997 ISLE OF PALMS PATH,The Village of Largo,397500,251654,5
S214.81,2026-09-27,1395 RESTHAVEN WAY,The Village of Gilchrist,499000,251564,5
S5M.292,2026-09-27,7457 DUPUIS AVE,Middleton - Family Neighborhood,215000,251660,5
S211V.3,2026-09-27,1812 REECE PATTERSON DR,The Village of Moultrie Creek,384900,251644,5
S188V.47,2026-09-27,6624 LITTLEJOHN LOOP,The Village of Oak Hollow,790000,251643,5
S241V.2,2026-09-27,1485 WILLIE WAY,The Village of Waters Edge,313999,251595,5
S716.32,2026-09-28,327 KEYSTONE CT,The Village of Hadley,419000,251686,4
L7.1105,2026-09-28,1528 W SCHWARTZ BLVD,The Village of Country Club Hills,139900,251691,4
S195.43,2026-09-28,4554 TUSCALOOSA PATH,The Village of Osceola Hills,769900,251466,4
S98V.68,2026-09-28,2108 LANDREA LOOP,The Village of St. Johns,529900,251629,4
S207V.80,2026-09-28,7753 MERCADANTE AVE,The Village of Moultrie Creek,490000,251682,4
S187V.19,2026-09-28,6433 DENISE DR,The Village of Oak Hollow,1999999,251314,4
S15.55,2026-09-29,417 ALDAMA AVE,The Village de La Vista,299500,251612,3
L8.1947,2026-09-29,1865 W SCHWARTZ BLVD,The Village of Country Club Hills,214500,251685,3
S217.28,2026-09-29,1658 SHALE TRAIL LOOP,The Village of Hillsborough,619000,251613,3
S614.47,2026-09-29,3097 SABAL PALM AVE,The Village of Fenney,319000,251698,3
S228V.45,2026-09-29,7647 MAPP PL,The Village of Shady Brook,389000,251638,3
S142V.18,2026-09-29,4101 BOJANGLES TER,The Village of Richmond,624900,251648,3
S155.74,2026-09-30,2350 ANSLEY PATH,The Village of Tamarind Grove,369000,251062,2
S21.32,2026-09-30,2121 GERARDO AVE,The Village Palo Alto,535000,251688,2
S30.42,2026-09-30,2589 CARIBE DR,The Village Santiago,419500,251706,2
M48.83,2026-09-30,17635 SE 92ND GRANTHAM TER,The Village of Springdale,269002,251687,2
S122.172,2026-09-30,792 TURBEVILLE TER,The Village of Largo,394500,251689,2
S719.20,2026-09-30,2179 LOCKLIN LN,The Village of McClure,559000,251632,2
L67V.55,2026-09-30,1245 LACHAPELLE LN,The Village of Lake Denham,298000,251701,2
S183V.51,2026-09-30,2002 SANTINO AVE,The Village of Well Point,445000,251665,2
S33.203,2026-10-01,3056 MAYWOOD CT,The Village of Glenbrook,369000,251441,1
L22.6007,2026-10-01,550 LOMA PASEO DR,The Village La Reynalda,550000,251729,1
M59.5,2026-10-01,17432 SE 79TH LOVEWOOD AVE,The Village of Chatham,219000,251725,1
S128.44,2026-10-01,562 ALLENWOOD LOOP,The Village of Amelia,475000,251684,1
S193.34,2026-10-01,4267 DESKIN LN,The Village of Osceola Hills,969000,251697,1
S14V.68,2026-10-01,5988 BRITTON DR,The Village of McClure,429000,251642,1
L62V.30,2026-10-01,7208 DENVER AVE,The Village of Lake Denham,324900,251721,1
S132V.5,2026-10-01,4283 TIEDEMANN LOOP,The Village of DeLuna,450000,251727,1
S247V.46,2026-10-01,1197 HOLCOMB LOOP,The Village of Waters Edge,698800,251683,1
S22.62,2026-10-02,1247 AUGUSTINE DR,The Village Santo Domingo,389000,251568,0
S101.148,2026-10-02,423 FOLLY BEACH CT,The Village of Tall Trees,395000,251570,0
S39.77,2026-10-02,3416 DIXON LN,The Village of Glenbrook,356000,251693,0
S112.63,2026-10-02,1254 PAGELAND WAY,The Village of Caroline,310000,251655,0
M52.1,2026-10-02,9520 SE 171ST ARGYLL ST,The Village of Woodbury,324900,251498,0
S971.106,2026-10-02,522 AVECILLA DR,Haciendas of Mission Hills,765800,251433,0
L4.463,2026-10-02,822 TARRSON BLVD,The Village of Silver Lake,159500,251575,0
S222.150,2026-10-02,3396 FOUNTAINHEAD AVE,The Village of Collier,425000,251681,0
S44V.41,2026-10-02,4758 GOLD PL,The Village of Chitty Chatty,714900,251728,0
S208V.11,2026-10-02,1758 YVONIA CT,The Village of Moultrie Creek,289000,251742,0
S215V.14,2026-10-02,1783 MCMURTRIE LOOP,The Village of Moultrie Creek,424000,251710,0
S289V.32,2026-10-02,1674 NATHAN ST,The Village of Oak Hollow,389000,251587,0
S181V.38,2026-10-02,1597 AIDEN AVE,The Village of Oak Hollow,244210,251702,0
